Original_Entry_ID,Gene_Symbol,SMILES
CHEMBL1823890,HCN1,C1=CC=CC(=C1C(=O)NCCN2CCN(CC2)C)OC
CHEMBL1823679,HCN1,C1CCC(N2CCN(CC2)C)(CNC(=O)C=3C(=CC=CC3)Cl)CC1
9796088,HCN4,N(C1=NC(=[N+](C(NC)=C1)C)C)(CC)C2=CC=CC=C2
CHEMBL1823679,HCN4,C1CCC(N2CCN(CC2)C)(CNC(=O)C=3C(=CC=CC3)Cl)CC1
CHEMBL24171,KCNA3,C=1C=2C(OC)=C3C(OC(C=C3)=O)=CC2OC1
CHEMBL422416,KCNA3,C1(=C(C=2C=COC2C=C1O)OC)C(=O)C
CHEMBL104,KCNA3,ClC=1C=CC=CC1C(C=2C=CC=CC2)(C3=CC=CC=C3)N4C=CN=C4
CHEMBL426482,KCNA3,C1(OCC2=CC=C(C=C2)Br)=C3OC=CC3=C(C(=C1O)C(C)=O)OC
6603977,KCNA3,O(CCCCC1=CC=CC=C1)C=2C3=C(OC=C3)C=C4OC(=O)C=CC24
CHEMBL299668,KCNA3,N1(C=2C(=CC=C(C2)Cl)/C(/C=C1)=N/CCCCC)CC3=CC=CC=C3
CHEMBL6966,KCNA3,C(C1=CC(OC)=C(C=C1)OC)(C#N)(C(C)C)CCCN(CCC=2C=C(OC)C(=CC2)OC)C
CHEMBL24171,KCNA5,C=1C=2C(OC)=C3C(OC(C=C3)=O)=CC2OC1
22243,KCNA5,OC(C(N)C1=CC=CC=C1)C2=CC=CC=C2
CHEMBL79,KCNA5,C=1(NC(=O)CN(CC)CC)C(=CC=CC1C)C
CHEMBL1091879,KCNA5,C1=NC=C(C(C2=CN=CC=C2)(C(C(C)C)N3CCOCC3)O)C=C1
CHEMBL426482,KCNA5,C1(OCC2=CC=C(C=C2)Br)=C3OC=CC3=C(C(=C1O)C(C)=O)OC
CHEMBL387671,KCNA5,O([C@@H]1CCCC[C@H]1N2CCOCC2)CCC3=CC=CC=4C3=CC=CC4
4485,KCNA5,O(C(=O)C=1C(C(C(=NC1C)C)C(OC)=O)C=2C(N(=O)=O)=CC=CC2)C
CHEMBL21578,KCNA5,[C@@H]1(C=C)C2C[C@@H](N(CC2)C1)[C@H](C3=CC=NC4=C3C=C(C=C4)OC)O
CHEMBL2164389,KCNA5,C=1C=CC=2C(C1)=C(N(C2O)CCC=3N=CC=CC3)C(NCC4=CC=C(C=C4)OC(F)(F)F)=O
8192,KCNH2,ClCCCCCCCCCCCC
8295,KCNH2,ClCCOP(OCCCl)(OCCCl)=O
64964,KCNH2,N1CCCNCCNCCCNCC1
246831,KCNH2,O=C(N1CCCCC1)CCCCC
9549512,KCNH2,N1(C2CCCCCC2)CCNCC1
44143153,KCNH2,ClC1=NSSC1=NC=2OC(=NN2)C
219256,KCNH2,O=C1CCN(C2CCCCC2)C1O
9384,KCNH2,N(CCCCNCCCN)CCCN
1081837,KCNH2,ClC1=NC=NC(N2CCOCC2)=C1N
2478,KCNH2,S(OCCCCOS(=O)(=O)C)(=O)(=O)C
601417,KCNH2,S1C=2CCCCCCC2C(=C1N)C#N
700139,KCNH2,O1CCN(C(=O)N2CCNCC2)CC1
2949404,KCNH2,ClC=1C=C(OCCNC)C=CC1Cl
2402636,KCNH2,S1C(N2CCCCC2)=NC(=C1C=O)C
108661,KCNH2,ClC=1C(N2CCOCC2)=CC=C(N)C1
4961635,KCNH2,S1CCC2=C(SC(N)=C2C(OCC)=O)C1
16717706,KCNH2,N=1C2C(CCC2)=C(N3CCCC3)CC1
2735302,KCNH2,ClC=1C2=NON=C2C(N(=O)=O)=C(N)C1
12005717,KCNH2,[N+](CCCCCCCCCC)(CC#C)(C)C
15165,KCNH2,NC(C12CC3CC(C1)CC(C2)C3)C
CHEMBL558,KCNH2,C1(OCC(N)C)=C(C=CC=C1C)C
421738,KCNH2,O(C(=O)C=1N=C2C(=CC1)C=CC=C2)C
2262399,KCNH2,ClC=1C(=CC(OCCNCCO)=CC1C)C
742815,KCNH2,BrC=1C(=NC(NC(=O)C)=NC1OC)C
344281,KCNH2,O=C1C2=C(C(O)C(=O)C1=O)C=CC=C2
6217709,KCNH2,ClCC(=O)C(C=1N2CCCCCC2=NN1)C#N
66541,KCNH2,O=C1N(C(=O)N=C2N(N=CN=C21)C)C
295871,KCNH2,O(CC1=CC=CC=C1)C=2C=CN(=O)=CC2
16682565,KCNH2,N(N=C(N)N)=C1CCCCCCCCCCC1
4511231,KCNH2,SC=1N(C(C)C)C(=NN1)C=2OC=CC2
3032423,KCNH2,S=C(NN=CC1=NC=CC2=C1C=CC=C2)N
1633309,KCNH2,S(CCCCCCC)C=1N=C(N)C=C(O)N1
935459,KCNH2,FC(F)(F)CNC(=O)NC1=CC=CN=C1
738092,KCNH2,OC1=CC=2N3C(=C(C2C=C1)C#N)C=CC=C3
826913,KCNH2,ClC=1C=C(S(=O)(=O)N(CC)CC)C=NC1Cl
42628496,KCNH2,S(=O)(=O)(N(CC1=CC=CC=C1)CC#C)C=C
250660,KCNH2,O=C1N2C(=NC=3C2=CC=CC3)C=4C1=CC=CC4
1568281,KCNH2,ClC=1C(NC(=O)CCCC)=C(C=C(C1)C)C
5375781,KCNH2,O=N(=O)/C=C/C1=CC=C(N(CC)CC)C=C1
755673,KCNH2,O1C2=C(CCCNC2=O)C3=C1C=CC(O)=C3
2846928,KCNH2,N1(CCCCCCCCCCCCCCCC)C=[N+](C=C1)C
5901566,KCNH2,S1C2=C(N=C1C(C(=O)C=3OC=CC3)C#N)C=CC=C2
762535,KCNH2,ClC=1C=C(C(=O)NC2=CC=CN=C2)C=CC1Cl
910458,KCNH2,N1(CCCC1)C=2N=C3C(=C(C2)C)C=CC=C3
2829613,KCNH2,O=N(=O)C=1C=2C(=NC=CC2)C(N3CCNCC3)=CC1
CHEMBL77675,KCNH2,C(=NC=1C=CC=CC1)(NC=2C=CC=CC2)N
CHEMBL268191,KCNH2,N1C2=C(C=C(N=C2)C(=O)OC)C=3C1=CC=CC3
649745,KCNH2,N1(CCCC1)C2=NC(N3CCCC3)=NC(N4CCNCC4)=N2
5702062,KCNH2,ClC=1C(=C(Cl)C=CC1)/C=N/N=C(N)N
4678554,KCNH2,ClCC=CC1=C(O)C2=C(C(O)=C1O)C=CC=C2
CHEMBL448,KCNH2,C1(C(C(NC(N1)=O)=O)(C(CCC)C)CC)=O
CHEMBL16,KCNH2,C1(NC(=O)NC1(C2=CC=CC=C2)C3=CC=CC=C3)=O
1348179,KCNH2,BrC=1OC(C(=O)NC=2C=C(OC(F)(F)F)C=CC2)=CC1
2112599,KCNH2,ClC1=CC=C(N2N=NN=C2SC3=NC=NC=4SC=CC34)C=C1
CHEMBL108,KCNH2,N1(C=2C=CC=CC2C=CC3=C1C=CC=C3)C(N)=O
2768758,KCNH2,ClC1=CC=C(S(=O)C=2SN=NC2C(=O)NCCC)C=C1
11957129,KCNH2,N1(CCCCCC1)C=2N=C3C(=C(C2)C)C=CC=C3
6464443,KCNH2,O=C(NC=1C=CC(CCCC)=CC1)NC2=CC=CN=C2
CHEMBL79,KCNH2,C=1(NC(=O)CN(CC)CC)C(=CC=CC1C)C
649138,KCNH2,O=C(N(C1CCCCC1)C2CCCCC2)CN3N=C(C=C3C)C
CHEMBL741,KCNH2,C1(=C(N=C(N=N1)N)N)C=2C(=C(Cl)C=CC2)Cl
CHEMBL1958460,KCNH2,C=1C=C(C=C(C1)Cl)C(C(N)=O)(O)CCCCCCC
2836469,KCNH2,BrC1=CC=2C(N)=C3C(N(C4CCCCC4)CC3)=NC2C=C1
70683165,KCNH2,FC1=CC=C(OC=2C=CC(NC3=NC(N)=CC=N3)=CC2)C=C1
11958752,KCNH2,S1C=2N(N=C(C1)C=3C=CC=CC3)C=4C([N+]2C)=CC=CC4
53377523,KCNH2,SC=1N([C@H](C2CCCCC2)C)C(=NN1)C=3OC=CC3
2362176,KCNH2,S(CN1N=NC2=C(C1=O)C=CC=C2)C=3N=CN=C4C3C=CC=C4
CHEMBL493680,KCNH2,C1CN(CCC(C)(C)C)CCC1CNC(C2=CC(=CC=C2)Cl)=O
70681040,KCNH2,ClC=1C(OC=2C=CC(NC3=NC(N)=CC=N3)=CC2)=CC=CC1
CHEMBL629,KCNH2,C1(C2=C(CCC=3C1=CC=CC3)C=CC=C2)=CCCN(C)C
715493,KCNH2,O(C1=CC=C(N2C(=C3C(=C2C)C(=NN=C3C)C)C)C=C1)CC
CHEMBL104,KCNH2,ClC=1C=CC=CC1C(C=2C=CC=CC2)(C3=CC=CC=C3)N4C=CN=C4
CHEMBL1958462,KCNH2,C=1C=C(C=C(C1)Cl)[C@@](C(N)=O)(O)CCCCCCC
CHEMBL1091879,KCNH2,C1=NC=C(C(C2=CN=CC=C2)(C(C(C)C)N3CCOCC3)O)C=C1
CHEMBL539863,KCNH2,C1(=CC=C(C(=NC=2C=C(C=CC2)C)N)O1)C3=CC=C(C=C3)Cl
3951051,KCNH2,ClC1=CC(NC(=O)C(NCCOC)C2=CC=CC=C2)=CC(Cl)=C1
CHEMBL426482,KCNH2,C1(OCC2=CC=C(C=C2)Br)=C3OC=CC3=C(C(=C1O)C(C)=O)OC
70691559,KCNH2,O(C=1C=CC(NC2=NC(N)=CC=N2)=CC1)C3=CC=C(C=C3)C#N
791485,KCNH2,S(C=1N(CC2CCCC2)C(=O)C3=C(N1)C=CC=C3)CC(OCC)=O
24778413,KCNH2,ClC1=CC=C(C=2OC(=CC2)/C(=N/C=3C=C(C=CC3)C)/N)C=C1
7551341,KCNH2,S(=O)(=O)(N(CC)CC)C=1C=C(NC(=O)C2CCCC2)C(N(CC)CC)=CC1
5388977,KCNH2,O(CC(N(C)C)(CC)C1=CC=CC=C1)C(=O)C2=CC(OC)=C(OC)C(OC)=C2
CHEMBL193,KCNH2,C1(C(=O)OC)=C(N=C(C)C(C1C2=C(C=CC=C2)N(=O)=O)C(OC)=O)C
CHEMBL475534,KCNH2,C1(C(=O)OC)=C(C)N=C(C)C(C1C2=CC(=CC=C2)N(=O)=O)C(OCC)=O
90665456,KCNH2,ClC1=C(S(=O)(=O)N2CC(O)(C2)COC3=CC(F)=C(C=C3)C#N)C=CC(Cl)=C1
9551775,KCNH2,N=C1C(C(C2CC(CC=C2C1C#N)C3=CC=CC=C3)C4=CC=CN=C4)(C#N)C#N
CHEMBL2443262,KCNH2,C(C1=C(C=CS1)OC)NCC[C@@]2(CC3(CCCC3)OCC2)C=4C=CC=CN4
CHEMBL74355,KCNH2,C1(=CC=CC([C@@H](C2CCN(CC2)CCC3=CC=C(C=C3)F)O)=C1OC)OC
CHEMBL1801191,KCNH2,N1(C(=C2C(=NN=C(N3CC(C3)OC)C2=N1)C)C)C=4C=CC(Cl)=CC4OC(F)(F)F
CHEMBL2334265,KCNH2,C1=C(C=CC(=C1)OC[C@H](CN2CCN(CC2)CC3=CC=C(C(=C3)Cl)Cl)O)F
53235532,KCNH2,N1(CCNCC1)C2=NC=C(C=C2)C=3C=CC(NC=4N=C(C=CC4)C)=CC3
16196147,KCNH2,O(C=1C(N2C3=[N+](C=4C(CC3)=CC=CC4)C=C2C5=CC=CC=C5)=CC=CC1)C
CHEMBL52030,KCNH2,C1=2N(C=3C(=CC(=CC3)OC)C(N4[C@H]1CCC4)=O)C=NC2C(=O)OCC
CHEMBL488817,KCNH2,C1CN(CCC1(CNC(=O)C2=CC(=CC(=C2)Cl)Cl)F)C[C@@H]3CC(OCC3)(C)C
CHEMBL14762,KCNH2,OC[C@@H](CC)NC1=NC=2N(C(C)C)C=NC2C(=N1)NCC3=CC=CC=C3
1358388,KCNH2,O1C(C=2N=C3C(=C(C(=O)NCCC4=CC=C(OC)C=C4)C2)C=CC=C3)=CC=C1
CHEMBL1631088,KCNH2,C1=CC=C(C(=C1)C2=CC(N3N=C(C=C3C(=O)N)C(N)=O)=CC=C2)OC(F)(F)F
44544347,KCNH2,FC(F)(F)OC1=CC=C(CNC(=O)C2N(CCC3=NC=CC=C3)C(=O)C=4C2=CC=CC4)C=C1
92766,KCNH2,O[C@@H]1[C@H]([C@@H]2[C@H](CN3[C@@H](C2)C=4NC=5C(C4CC3)=CC=CC5)CC1)C(OC)=O
CHEMBL3115195,KCNH2,C1=C(C=CC(=C1)C(CCC(N2CCN(CC2)C3=C(C=CC=C3)OC)=O)(C(OC)=O)C(C)C)Br
CHEMBL23,KCNH2,[C@@H]1(C(N(C=2C=CC=CC2S[C@H]1C3=CC=C(C=C3)OC)CCN(C)C)=O)OC(=O)C
2834423,KCNH2,O(C1C(CCC(C1)C)C(C)C)C(=O)CN2C(=[N+](C=3C2=CC=CC3)C)C=4C=CC=CC4
CHEMBL493677,KCNH2,C=1(C=C(C(NC[C@@H]2[C@@H](CN(CC2)CCC(C)(C)C)F)=O)C=C(Cl)C1)Cl
CHEMBL21578,KCNH2,[C@@H]1(C=C)C2C[C@@H](N(CC2)C1)[C@H](C3=CC=NC4=C3C=C(C=C4)OC)O
CHEMBL2180891,KCNH2,C1=CC(=C(C(=C1)OC)CN2CCC(CC2)N(S(C3=CC(=CC=C3)C(F)(F)F)(=O)=O)CCC)OC
CHEMBL2164389,KCNH2,C=1C=CC=2C(C1)=C(N(C2O)CCC=3N=CC=CC3)C(NCC4=CC=C(C=C4)OC(F)(F)F)=O
16192954,KCNH2,O(C1C(CCC(C1)C)C(C)C)C(=O)CN2C(=[N+](C=3C2=CC=CC3)C)COC=4C(=CC=CC4)C
CHEMBL6966,KCNH2,C(C1=CC(OC)=C(C=C1)OC)(C#N)(C(C)C)CCCN(CCC=2C=C(OC)C(=CC2)OC)C
25047657,KCNH2,O1[C@]23OO[C@H]1CC4[C@@]5([C@](C6[C@@](CC5)(CCC(C6)(C)C)C)(CC[C@]4(C2CCCC3(C)C)C)C)C
CHEMBL1423,KCNH2,C=1(N(C=2C=CC=CC2N1)C3CCN(CC3)CCCC(C4=CC=C(C=C4)F)C=5C=CC(=CC5)F)O
CHEMBL247647,KCNH2,O(C(N[C@@H](C(N[C@H]1C(N(C(C)C)C=2C(=CC=CC2)CC1)=O)=O)CC3=C(C(=CC=C3)F)C(F)(F)F)=O)C(C)(C)C
246831,KCNK3,O=C(N1CCCCC1)CCCCC
9549512,KCNK3,N1(C2CCCCCC2)CCNCC1
3118,KCNK3,S(P(=S)(OCC)OCC)CCSCC
44143153,KCNK3,ClC1=NSSC1=NC=2OC(=NN2)C
219256,KCNK3,O=C1CCN(C2CCCCC2)C1O
5351186,KCNK3,N(CCCCNCCCN)CCCN
1081837,KCNK3,ClC1=NC=NC(N2CCOCC2)=C1N
2478,KCNK3,S(OCCCCOS(=O)(=O)C)(=O)(=O)C
601417,KCNK3,S1C=2CCCCCCC2C(=C1N)C#N
2949404,KCNK3,ClC=1C=C(OCCNC)C=CC1Cl
22420,KCNK3,ClCCN(P1(OCCCN1)=O)CCCl
2788,KCNK3,IC=1C(O)=C2N=CC=CC2=C(Cl)C1
23723027,KCNK3,[N+](CCCCCC[N+](C)(C)C)(C)(C)C
108661,KCNK3,ClC=1C(N2CCOCC2)=CC=C(N)C1
2735302,KCNK3,ClC=1C2=NON=C2C(N(=O)=O)=C(N)C1
12005717,KCNK3,[N+](CCCCCCCCCC)(CC#C)(C)C
7108,KCNK3,S1C2=C(NC3=C1C=CC=C3)C=CC=C2
2262399,KCNK3,ClC=1C(=CC(OCCNCCO)=CC1C)C
1833,KCNK3,O(C=1C=C2C(CCN)=CNC2=CC1)C
344281,KCNK3,O=C1C2=C(C(O)C(=O)C1=O)C=CC=C2
66541,KCNK3,O=C1N(C(=O)N=C2N(N=CN=C21)C)C
16682565,KCNK3,N(N=C(N)N)=C1CCCCCCCCCCC1
3032423,KCNK3,S=C(NN=CC1=NC=CC2=C1C=CC=C2)N
1633309,KCNK3,S(CCCCCCC)C=1N=C(N)C=C(O)N1
935459,KCNK3,FC(F)(F)CNC(=O)NC1=CC=CN=C1
738092,KCNK3,OC1=CC=2N3C(=C(C2C=C1)C#N)C=CC=C3
254285,KCNK3,OC=1C=2C(N=CC1)=CC=C(N(=O)=O)C2
826913,KCNK3,ClC=1C=C(S(=O)(=O)N(CC)CC)C=NC1Cl
4511231,KCNK3,SC=1N(C(C)C)C(=NN1)C=2OC=CC2
1568281,KCNK3,ClC=1C(NC(=O)CCCC)=C(C=C(C1)C)C
755673,KCNK3,O1C2=C(CCCNC2=O)C3=C1C=CC(O)=C3
2846928,KCNK3,N1(CCCCCCCCCCCCCCCC)C=[N+](C=C1)C
5389288,KCNK3,ClC1=CC=2C=3CCCC3C(OC2C(CN4CCOCC4)=C1O)=O
762535,KCNK3,ClC=1C=C(C(=O)NC2=CC=CN=C2)C=CC1Cl
910458,KCNK3,N1(CCCC1)C=2N=C3C(=C(C2)C)C=CC=C3
16211806,KCNK3,[N+]=1(CCCCCCCCCCCCCCCC)C=CC=CC1
4678554,KCNK3,ClCC=CC1=C(O)C2=C(C(O)=C1O)C=CC=C2
44142142,KCNK3,S1C=2N=CN=C(SC=3N(N=NN3)C)C2C(C=4SC=CC4)=C1
2112599,KCNK3,ClC1=CC=C(N2N=NN=C2SC3=NC=NC=4SC=CC34)C=C1
2768758,KCNK3,ClC1=CC=C(S(=O)C=2SN=NC2C(=O)NCCC)C=C1
11957129,KCNK3,N1(CCCCCC1)C=2N=C3C(=C(C2)C)C=CC=C3
6464443,KCNK3,O=C(NC=1C=CC(CCCC)=CC1)NC2=CC=CN=C2
649138,KCNK3,O=C(N(C1CCCCC1)C2CCCCC2)CN3N=C(C=C3C)C
2996937,KCNK3,ClC1=CC(CNCC(O)C2=CC=CC=C2)=CC(OC)=C1OCC
2917883,KCNK3,O(CC(O)CNC(CC(C)(C)C)(C)C)C1=CC=2CCCC2C=C1
2362176,KCNK3,S(CN1N=NC2=C(C1=O)C=CC=C2)C=3N=CN=C4C3C=CC=C4
4485,KCNK3,O(C(=O)C=1C(C(C(=NC1C)C)C(OC)=O)C=2C(N(=O)=O)=CC=CC2)C
9551775,KCNK3,N=C1C(C(C2CC(CC=C2C1C#N)C3=CC=CC=C3)C4=CC=CN=C4)(C#N)C#N
5265,KCNK3,FC=1C=CC(C(=O)CCCN2CCC3(N(CNC3=O)C4=CC=CC=C4)CC2)=CC1
16745809,KCNK3,FC(F)(F)C1=CC(NC(=O)C2=CC(NC=3N=CC=CC3)=CC(OC)=C2)=CC=C1
56642974,KCNK3,S(C=1N(C(C2C3CC(C2)CC3)C)C(=NN1)C=4OC=CC4)CCC5=NC=CC=C5
16196147,KCNK3,O(C=1C(N2C3=[N+](C=4C(CC3)=CC=CC4)C=C2C5=CC=CC=C5)=CC=CC1)C
92766,KCNK3,O[C@@H]1[C@H]([C@@H]2[C@H](CN3[C@@H](C2)C=4NC=5C(C4CC3)=CC=CC5)CC1)C(OC)=O
25047657,KCNK3,O1[C@]23OO[C@H]1CC4[C@@]5([C@](C6[C@@](CC5)(CCC(C6)(C)C)C)(CC[C@]4(C2CCCC3(C)C)C)C)C
11820396,KCNMA1,N1C(N2C=CN=C2)=C(C=3N=CC=CC13)C#N
64964,KCNQ1,N1CCCNCCNCCCNCC1
246831,KCNQ1,O=C(N1CCCCC1)CCCCC
9549512,KCNQ1,N1(C2CCCCCC2)CCNCC1
1081837,KCNQ1,ClC1=NC=NC(N2CCOCC2)=C1N
2478,KCNQ1,S(OCCCCOS(=O)(=O)C)(=O)(=O)C
601417,KCNQ1,S1C=2CCCCCCC2C(=C1N)C#N
700139,KCNQ1,O1CCN(C(=O)N2CCNCC2)CC1
2949404,KCNQ1,ClC=1C=C(OCCNC)C=CC1Cl
22420,KCNQ1,ClCCN(P1(OCCCN1)=O)CCCl
2788,KCNQ1,IC=1C(O)=C2N=CC=CC2=C(Cl)C1
2402636,KCNQ1,S1C(N2CCCCC2)=NC(=C1C=O)C
23723027,KCNQ1,[N+](CCCCCC[N+](C)(C)C)(C)(C)C
4961635,KCNQ1,S1CCC2=C(SC(N)=C2C(OCC)=O)C1
16717706,KCNQ1,N=1C2C(CCC2)=C(N3CCCC3)CC1
658692,KCNQ1,O1C(C2CC(=O)CC(=O)C2)=CC=C1
12005717,KCNQ1,[N+](CCCCCCCCCC)(CC#C)(C)C
7108,KCNQ1,S1C2=C(NC3=C1C=CC=C3)C=CC=C2
421738,KCNQ1,O(C(=O)C=1N=C2C(=CC1)C=CC=C2)C
2262399,KCNQ1,ClC=1C(=CC(OCCNCCO)=CC1C)C
742815,KCNQ1,BrC=1C(=NC(NC(=O)C)=NC1OC)C
736587,KCNQ1,OC=1N2N=CC(=C2N=C3C1CCCC3)C#N
66541,KCNQ1,O=C1N(C(=O)N=C2N(N=CN=C21)C)C
295871,KCNQ1,O(CC1=CC=CC=C1)C=2C=CN(=O)=CC2
16682565,KCNQ1,N(N=C(N)N)=C1CCCCCCCCCCC1
5284439,KCNQ1,N1C(CC(C2CCCCC2)C3CCCCC3)CCCC1
1633309,KCNQ1,S(CCCCCCC)C=1N=C(N)C=C(O)N1
3241713,KCNQ1,OC=1C(N(=O)=O)=CC(N(=O)=O)=CC1N(=O)=O
738092,KCNQ1,OC1=CC=2N3C(=C(C2C=C1)C#N)C=CC=C3
254285,KCNQ1,OC=1C=2C(N=CC1)=CC=C(N(=O)=O)C2
826913,KCNQ1,ClC=1C=C(S(=O)(=O)N(CC)CC)C=NC1Cl
9549621,KCNQ1,N(CC=1N(C=CC1)C)CCC2=CC=CC=C2
1568281,KCNQ1,ClC=1C(NC(=O)CCCC)=C(C=C(C1)C)C
5375781,KCNQ1,O=N(=O)/C=C/C1=CC=C(N(CC)CC)C=C1
755673,KCNQ1,O1C2=C(CCCNC2=O)C3=C1C=CC(O)=C3
2846928,KCNQ1,N1(CCCCCCCCCCCCCCCC)C=[N+](C=C1)C
762535,KCNQ1,ClC=1C=C(C(=O)NC2=CC=CN=C2)C=CC1Cl
910458,KCNQ1,N1(CCCC1)C=2N=C3C(=C(C2)C)C=CC=C3
2829613,KCNQ1,O=N(=O)C=1C=2C(=NC=CC2)C(N3CCNCC3)=CC1
649745,KCNQ1,N1(CCCC1)C2=NC(N3CCCC3)=NC(N4CCNCC4)=N2
4678554,KCNQ1,ClCC=CC1=C(O)C2=C(C(O)=C1O)C=CC=C2
1348179,KCNQ1,BrC=1OC(C(=O)NC=2C=C(OC(F)(F)F)C=CC2)=CC1
2112599,KCNQ1,ClC1=CC=C(N2N=NN=C2SC3=NC=NC=4SC=CC34)C=C1
2538367,KCNQ1,BrC1=CC2=C(OC(=C(C2=O)C)C=3C=CN(=O)=CC3)C=C1
45479748,KCNQ1,FC(F)(F)C=1C=CC(/C(=N/OCCN)/CCCCOC)=CC1
2768758,KCNQ1,ClC1=CC=C(S(=O)C=2SN=NC2C(=O)NCCC)C=C1
11957129,KCNQ1,N1(CCCCCC1)C=2N=C3C(=C(C2)C)C=CC=C3
6464443,KCNQ1,O=C(NC=1C=CC(CCCC)=CC1)NC2=CC=CN=C2
649138,KCNQ1,O=C(N(C1CCCCC1)C2CCCCC2)CN3N=C(C=C3C)C
2996937,KCNQ1,ClC1=CC(CNCC(O)C2=CC=CC=C2)=CC(OC)=C1OCC
2836469,KCNQ1,BrC1=CC=2C(N)=C3C(N(C4CCCCC4)CC3)=NC2C=C1
2917883,KCNQ1,O(CC(O)CNC(CC(C)(C)C)(C)C)C1=CC=2CCCC2C=C1
2812,KCNQ1,ClC=1C(C(N2C=CN=C2)(C3=CC=CC=C3)C4=CC=CC=C4)=CC=CC1
3951051,KCNQ1,ClC1=CC(NC(=O)C(NCCOC)C2=CC=CC=C2)=CC(Cl)=C1
791485,KCNQ1,S(C=1N(CC2CCCC2)C(=O)C3=C(N1)C=CC=C3)CC(OCC)=O
53313385,KCNQ1,ClC1=CC=C(C(C(=O)NC2=C(N3CCCC3)C=CC=C2)CC)C=C1
7551341,KCNQ1,S(=O)(=O)(N(CC)CC)C=1C=C(NC(=O)C2CCCC2)C(N(CC)CC)=CC1
4485,KCNQ1,O(C(=O)C=1C(C(C(=NC1C)C)C(OC)=O)C=2C(N(=O)=O)=CC=CC2)C
53488279,KCNQ1,ClC1=NC(NC(=O)[C@@H]2N(S(=O)(=O)C3=CC=C(C=C3)C)CCCC2)=CC=C1
9551775,KCNQ1,N=C1C(C(C2CC(CC=C2C1C#N)C3=CC=CC=C3)C4=CC=CN=C4)(C#N)C#N
5265,KCNQ1,FC=1C=CC(C(=O)CCCN2CCC3(N(CNC3=O)C4=CC=CC=C4)CC2)=CC1
16745809,KCNQ1,FC(F)(F)C1=CC(NC(=O)C2=CC(NC=3N=CC=CC3)=CC(OC)=C2)=CC=C1
CHEMBL74355,KCNQ1,C1(=CC=CC([C@@H](C2CCN(CC2)CCC3=CC=C(C=C3)F)O)=C1OC)OC
16196147,KCNQ1,O(C=1C(N2C3=[N+](C=4C(CC3)=CC=CC4)C=C2C5=CC=CC=C5)=CC=CC1)C
1358388,KCNQ1,O1C(C=2N=C3C(=C(C(=O)NCCC4=CC=C(OC)C=C4)C2)C=CC=C3)=CC=C1
92766,KCNQ1,O[C@@H]1[C@H]([C@@H]2[C@H](CN3[C@@H](C2)C=4NC=5C(C4CC3)=CC=CC5)CC1)C(OC)=O
16192954,KCNQ1,O(C1C(CCC(C1)C)C(C)C)C(=O)CN2C(=[N+](C=3C2=CC=CC3)C)COC=4C(=CC=CC4)C
64964,KCNQ2,N1CCCNCCNCCCNCC1
246831,KCNQ2,O=C(N1CCCCC1)CCCCC
9549512,KCNQ2,N1(C2CCCCCC2)CCNCC1
1081837,KCNQ2,ClC1=NC=NC(N2CCOCC2)=C1N
2478,KCNQ2,S(OCCCCOS(=O)(=O)C)(=O)(=O)C
601417,KCNQ2,S1C=2CCCCCCC2C(=C1N)C#N
700139,KCNQ2,O1CCN(C(=O)N2CCNCC2)CC1
2949404,KCNQ2,ClC=1C=C(OCCNC)C=CC1Cl
22420,KCNQ2,ClCCN(P1(OCCCN1)=O)CCCl
2788,KCNQ2,IC=1C(O)=C2N=CC=CC2=C(Cl)C1
2402636,KCNQ2,S1C(N2CCCCC2)=NC(=C1C=O)C
23723027,KCNQ2,[N+](CCCCCC[N+](C)(C)C)(C)(C)C
4961635,KCNQ2,S1CCC2=C(SC(N)=C2C(OCC)=O)C1
16717706,KCNQ2,N=1C2C(CCC2)=C(N3CCCC3)CC1
658692,KCNQ2,O1C(C2CC(=O)CC(=O)C2)=CC=C1
12005717,KCNQ2,[N+](CCCCCCCCCC)(CC#C)(C)C
7108,KCNQ2,S1C2=C(NC3=C1C=CC=C3)C=CC=C2
421738,KCNQ2,O(C(=O)C=1N=C2C(=CC1)C=CC=C2)C
2262399,KCNQ2,ClC=1C(=CC(OCCNCCO)=CC1C)C
742815,KCNQ2,BrC=1C(=NC(NC(=O)C)=NC1OC)C
736587,KCNQ2,OC=1N2N=CC(=C2N=C3C1CCCC3)C#N
66541,KCNQ2,O=C1N(C(=O)N=C2N(N=CN=C21)C)C
295871,KCNQ2,O(CC1=CC=CC=C1)C=2C=CN(=O)=CC2
16682565,KCNQ2,N(N=C(N)N)=C1CCCCCCCCCCC1
4511231,KCNQ2,SC=1N(C(C)C)C(=NN1)C=2OC=CC2
910263,KCNQ2,O=C(NC1=C(C=C(C=C1C)C)C)CC
5284439,KCNQ2,N1C(CC(C2CCCCC2)C3CCCCC3)CCCC1
1633309,KCNQ2,S(CCCCCCC)C=1N=C(N)C=C(O)N1
935459,KCNQ2,FC(F)(F)CNC(=O)NC1=CC=CN=C1
3241713,KCNQ2,OC=1C(N(=O)=O)=CC(N(=O)=O)=CC1N(=O)=O
738092,KCNQ2,OC1=CC=2N3C(=C(C2C=C1)C#N)C=CC=C3
254285,KCNQ2,OC=1C=2C(N=CC1)=CC=C(N(=O)=O)C2
826913,KCNQ2,ClC=1C=C(S(=O)(=O)N(CC)CC)C=NC1Cl
9549621,KCNQ2,N(CC=1N(C=CC1)C)CCC2=CC=CC=C2
5375781,KCNQ2,O=N(=O)/C=C/C1=CC=C(N(CC)CC)C=C1
755673,KCNQ2,O1C2=C(CCCNC2=O)C3=C1C=CC(O)=C3
910458,KCNQ2,N1(CCCC1)C=2N=C3C(=C(C2)C)C=CC=C3
2829613,KCNQ2,O=N(=O)C=1C=2C(=NC=CC2)C(N3CCNCC3)=CC1
649745,KCNQ2,N1(CCCC1)C2=NC(N3CCCC3)=NC(N4CCNCC4)=N2
4678554,KCNQ2,ClCC=CC1=C(O)C2=C(C(O)=C1O)C=CC=C2
2112599,KCNQ2,ClC1=CC=C(N2N=NN=C2SC3=NC=NC=4SC=CC34)C=C1
2538367,KCNQ2,BrC1=CC2=C(OC(=C(C2=O)C)C=3C=CN(=O)=CC3)C=C1
45479748,KCNQ2,FC(F)(F)C=1C=CC(/C(=N/OCCN)/CCCCOC)=CC1
2768758,KCNQ2,ClC1=CC=C(S(=O)C=2SN=NC2C(=O)NCCC)C=C1
11957129,KCNQ2,N1(CCCCCC1)C=2N=C3C(=C(C2)C)C=CC=C3
CHEMBL1318212,KCNQ2,O=C(NC=1C=CC(=CC1)CCCC)NC2=CN=CC=C2
649138,KCNQ2,O=C(N(C1CCCCC1)C2CCCCC2)CN3N=C(C=C3C)C
2996937,KCNQ2,ClC1=CC(CNCC(O)C2=CC=CC=C2)=CC(OC)=C1OCC
2836469,KCNQ2,BrC1=CC=2C(N)=C3C(N(C4CCCCC4)CC3)=NC2C=C1
2917883,KCNQ2,O(CC(O)CNC(CC(C)(C)C)(C)C)C1=CC=2CCCC2C=C1
53377523,KCNQ2,SC=1N([C@H](C2CCCCC2)C)C(=NN1)C=3OC=CC3
2812,KCNQ2,ClC=1C(C(N2C=CN=C2)(C3=CC=CC=C3)C4=CC=CC=C4)=CC=CC1
791485,KCNQ2,S(C=1N(CC2CCCC2)C(=O)C3=C(N1)C=CC=C3)CC(OCC)=O
53313385,KCNQ2,ClC1=CC=C(C(C(=O)NC2=C(N3CCCC3)C=CC=C2)CC)C=C1
7551341,KCNQ2,S(=O)(=O)(N(CC)CC)C=1C=C(NC(=O)C2CCCC2)C(N(CC)CC)=CC1
4485,KCNQ2,O(C(=O)C=1C(C(C(=NC1C)C)C(OC)=O)C=2C(N(=O)=O)=CC=CC2)C
9551775,KCNQ2,N=C1C(C(C2CC(CC=C2C1C#N)C3=CC=CC=C3)C4=CC=CN=C4)(C#N)C#N
5265,KCNQ2,FC=1C=CC(C(=O)CCCN2CCC3(N(CNC3=O)C4=CC=CC=C4)CC2)=CC1
16745809,KCNQ2,FC(F)(F)C1=CC(NC(=O)C2=CC(NC=3N=CC=CC3)=CC(OC)=C2)=CC=C1
56642974,KCNQ2,S(C=1N(C(C2C3CC(C2)CC3)C)C(=NN1)C=4OC=CC4)CCC5=NC=CC=C5
92766,KCNQ2,O[C@@H]1[C@H]([C@@H]2[C@H](CN3[C@@H](C2)C=4NC=5C(C4CC3)=CC=CC5)CC1)C(OC)=O
CHEMBL2164389,KCNQ2,C=1C=CC=2C(C1)=C(N(C2O)CCC=3N=CC=CC3)C(NCC4=CC=C(C=C4)OC(F)(F)F)=O
16192954,KCNQ2,O(C1C(CCC(C1)C)C(C)C)C(=O)CN2C(=[N+](C=3C2=CC=CC3)C)COC=4C(=CC=CC4)C
CHEMBL1358821,KCNQ2,S(CC=1N=C(OC1C)C=2C=CC(OCC)=CC2)CC(=O)NC3C=4C(CCC3)=CC=CC4
755673,PKD2,O1C2=C(CCCNC2=O)C3=C1C=CC(O)=C3
53320109,PKD2,S1C2=C(SC=3C2=NC(OC)=NC3)C(=O)NCC1
CHEMBL466517,CACNA1B,C1=CC=CC=2SC=C(C21)CNS(N)(=O)=O
CHEMBL2385372,CACNA1B,C1(CNC(CN1CC2=CC=CC=C2)C)CCCC[O]
CHEMBL78968,CACNA1B,C1(=C(C2=CC=NC=C2C=C1)O)CN3CCCCCC3
CHEMBL424892,CACNA1B,[C@H]1(COC([C@@H](N1)C(C)C)=O)C(=O)NCC2=CC=CC=C2
CHEMBL385868,CACNA1B,C1=CC=C2N=C(N(C(CC(=O)NCC3=CC=CC=C3)C2=C1)CC)N(C)C
CHEMBL386255,CACNA1B,[C@H]1(COC(=O)[C@@H](N1)CC2=CC=C(C=C2)Cl)C(=O)NCC3=CC=CC=C3
CHEMBL14762,CACNA1B,OC[C@@H](CC)NC1=NC=2N(C(C)C)C=NC2C(=N1)NCC3=CC=CC=C3
CHEMBL30008,CACNA1B,N1(C(C=2C=CC(=CC2)F)C=3C=CC(=CC3)F)CCN(CC1)C/C=C/C4=CC=CC=C4
CHEMBL2180891,CACNA1B,C1=CC(=C(C(=C1)OC)CN2CCC(CC2)N(S(C3=CC(=CC=C3)C(F)(F)F)(=O)=O)CCC)OC
CHEMBL45816,CACNA1B,C1=C(C=C2CC[C@@]([C@H](C2=C1)C(C)C)(CCN(C)CCCC3=NC4=C(N3)C=CC=C4)OC(=O)COC)F
CHEMBL2385372,CACNA1C,C1(CNC(CN1CC2=CC=CC=C2)C)CCCC[O]
CHEMBL215713,CACNA1C,C1(Cl)=CC=CC(=C1C=2C(=C(ON2)C)C(=O)OC)Cl
CHEMBL282279,CACNA1C,C1(C(N=C(N=C1C)SC)C=2C=C(N(=O)=O)C=CC2)C(=O)OC
2162,CACNA1C,ClC=1C(C2C(C(=NC(=C2C(OC)=O)C)COCCN)C(OCC)=O)=CC=CC1
CHEMBL193,CACNA1C,C1(C(=O)OC)=C(N=C(C)C(C1C2=C(C=CC=C2)N(=O)=O)C(OC)=O)C
CHEMBL475534,CACNA1C,C1(C(=O)OC)=C(C)N=C(C)C(C1C2=CC(=CC=C2)N(=O)=O)C(OCC)=O
CHEMBL2418806,CACNA1C,C1(CCCN(C1C)C(C2=CSC(=N2)NC=3C=CC(=CC3)C)=O)C
CHEMBL2443262,CACNA1C,C(C1=C(C=CS1)OC)NCC[C@@]2(CC3(CCCC3)OCC2)C=4C=CC=CN4
92766,CACNA1C,O[C@@H]1[C@H]([C@@H]2[C@H](CN3[C@@H](C2)C=4NC=5C(C4CC3)=CC=CC5)CC1)C(OC)=O
CHEMBL3115195,CACNA1C,C1=C(C=CC(=C1)C(CCC(N2CCN(CC2)C3=C(C=CC=C3)OC)=O)(C(OC)=O)C(C)C)Br
CHEMBL23,CACNA1C,[C@@H]1(C(N(C=2C=CC=CC2S[C@H]1C3=CC=C(C=C3)OC)CCN(C)C)=O)OC(=O)C
CHEMBL493677,CACNA1C,C=1(C=C(C(NC[C@@H]2[C@@H](CN(CC2)CCC(C)(C)C)F)=O)C=C(Cl)C1)Cl
CHEMBL2180891,CACNA1C,C1=CC(=C(C(=C1)OC)CN2CCC(CC2)N(S(C3=CC(=CC=C3)C(F)(F)F)(=O)=O)CCC)OC
CHEMBL2418811,CACNA1C,[C@@H]1(CCCN([C@H]1C)C(C2=C(SC(=N2)NC3=C(C=C(C=C3)Cl)F)C)=O)C
CHEMBL6966,CACNA1C,C(C1=CC(OC)=C(C=C1)OC)(C#N)(C(C)C)CCCN(CCC=2C=C(OC)C(=CC2)OC)C
CHEMBL248195,CACNA1C,O(C(N[C@H](CC1=C(C=CC(=C1)F)F)C(N[C@H]2C(N(C(C)C)C3=CC=CC=C3CC2)=O)=O)=O)C(C)(C)C
CHEMBL247647,CACNA1C,O(C(N[C@@H](C(N[C@H]1C(N(C(C)C)C=2C(=CC=CC2)CC1)=O)=O)CC3=C(C(=CC=C3)F)C(F)(F)F)=O)C(C)(C)C
CHEMBL287054,CACNA1D,N12C(=CC=C1CSC3=C2C=CC=C3)CN(C)C
CHEMBL282279,CACNA1D,C1(C(N=C(N=C1C)SC)C=2C=C(N(=O)=O)C=CC2)C(=O)OC
CHEMBL193,CACNA1D,C1(C(=O)OC)=C(N=C(C)C(C1C2=C(C=CC=C2)N(=O)=O)C(OC)=O)C
CHEMBL475534,CACNA1D,C1(C(=O)OC)=C(C)N=C(C)C(C1C2=CC(=CC=C2)N(=O)=O)C(OCC)=O
CHEMBL23,CACNA1D,[C@@H]1(C(N(C=2C=CC=CC2S[C@H]1C3=CC=C(C=C3)OC)CCN(C)C)=O)OC(=O)C
44423585,CACNA1G,ClC=1C(N2CCN(CC2)CCCC(=O)NC=3C=CC(Cl)=CC3)=CC=CC1
CHEMBL322356,CACNA1G,C1=CC=C2N=C(N(C(CC(=O)OC)C2=C1)C3=CC=CC=C3)C=4C=CC=CC4
CHEMBL2334265,CACNA1G,C1=C(C=CC(=C1)OC[C@H](CN2CCN(CC2)CC3=CC=C(C(=C3)Cl)Cl)O)F
CHEMBL385868,CACNA1G,C1=CC=C2N=C(N(C(CC(=O)NCC3=CC=CC=C3)C2=C1)CC)N(C)C
CHEMBL386255,CACNA1G,[C@H]1(COC(=O)[C@@H](N1)CC2=CC=C(C=C2)Cl)C(=O)NCC3=CC=CC=C3
CHEMBL30008,CACNA1G,N1(C(C=2C=CC(=CC2)F)C=3C=CC(=CC3)F)CCN(CC1)C/C=C/C4=CC=CC=C4
CHEMBL1684954,CACNA1G,C1=C(C=CC(CC(N[C@H](C)C2=CC=C(C=N2)OCC(F)(F)F)=O)=C1)C3CC3
CHEMBL1423,CACNA1G,C=1(N(C=2C=CC=CC2N1)C3CCN(CC3)CCCC(C4=CC=C(C=C4)F)C=5C=CC(=CC5)F)O
CHEMBL45816,CACNA1G,C1=C(C=C2CC[C@@]([C@H](C2=C1)C(C)C)(CCN(C)CCCC3=NC4=C(N3)C=CC=C4)OC(=O)COC)F
9549512,CACNA1H,N1(C2CCCCCC2)CCNCC1
1081837,CACNA1H,ClC1=NC=NC(N2CCOCC2)=C1N
601417,CACNA1H,S1C=2CCCCCCC2C(=C1N)C#N
700139,CACNA1H,O1CCN(C(=O)N2CCNCC2)CC1
5389336,CACNA1H,S1C(=NC(O)=C1)CC(OCCOC)=O
23723027,CACNA1H,[N+](CCCCCC[N+](C)(C)C)(C)(C)C
108661,CACNA1H,ClC=1C(N2CCOCC2)=CC=C(N)C1
4961635,CACNA1H,S1CCC2=C(SC(N)=C2C(OCC)=O)C1
658692,CACNA1H,O1C(C2CC(=O)CC(=O)C2)=CC=C1
800379,CACNA1H,S1C=2N=CN(C(=O)C2C(=C1C)C)CC
15165,CACNA1H,NC(C12CC3CC(C1)CC(C2)C3)C
7108,CACNA1H,S1C2=C(NC3=C1C=CC=C3)C=CC=C2
421738,CACNA1H,O(C(=O)C=1N=C2C(=CC1)C=CC=C2)C
2262399,CACNA1H,ClC=1C(=CC(OCCNCCO)=CC1C)C
1833,CACNA1H,O(C=1C=C2C(CCN)=CNC2=CC1)C
742815,CACNA1H,BrC=1C(=NC(NC(=O)C)=NC1OC)C
344281,CACNA1H,O=C1C2=C(C(O)C(=O)C1=O)C=CC=C2
6217709,CACNA1H,ClCC(=O)C(C=1N2CCCCCC2=NN1)C#N
66541,CACNA1H,O=C1N(C(=O)N=C2N(N=CN=C21)C)C
5394,CACNA1H,O=C1N2C(N=NN1C)=C(N=C2)C(=O)N
5284439,CACNA1H,N1C(CC(C2CCCCC2)C3CCCCC3)CCCC1
935459,CACNA1H,FC(F)(F)CNC(=O)NC1=CC=CN=C1
826913,CACNA1H,ClC=1C=C(S(=O)(=O)N(CC)CC)C=NC1Cl
9549621,CACNA1H,N(CC=1N(C=CC1)C)CCC2=CC=CC=C2
250660,CACNA1H,O=C1N2C(=NC=3C2=CC=CC3)C=4C1=CC=CC4
1568281,CACNA1H,ClC=1C(NC(=O)CCCC)=C(C=C(C1)C)C
755673,CACNA1H,O1C2=C(CCCNC2=O)C3=C1C=CC(O)=C3
5389288,CACNA1H,ClC1=CC=2C=3CCCC3C(OC2C(CN4CCOCC4)=C1O)=O
5901566,CACNA1H,S1C2=C(N=C1C(C(=O)C=3OC=CC3)C#N)C=CC=C2
649745,CACNA1H,N1(CCCC1)C2=NC(N3CCCC3)=NC(N4CCNCC4)=N2
5702062,CACNA1H,ClC=1C(=C(Cl)C=CC1)/C=N/N=C(N)N
1348179,CACNA1H,BrC=1OC(C(=O)NC=2C=C(OC(F)(F)F)C=CC2)=CC1
2112599,CACNA1H,ClC1=CC=C(N2N=NN=C2SC3=NC=NC=4SC=CC34)C=C1
9560989,CACNA1H,FC(F)(F)C=1C=CC(/C(=N/OCCN)/CCCCOC)=CC1
11957129,CACNA1H,N1(CCCCCC1)C=2N=C3C(=C(C2)C)C=CC=C3
649138,CACNA1H,O=C(N(C1CCCCC1)C2CCCCC2)CN3N=C(C=C3C)C
CHEMBL1549529,CACNA1H,S1C(=NC(C=2SC=CC2)=C1)NC(=O)C=3C=CC(OC)=CC3
11958752,CACNA1H,S1C=2N(N=C(C1)C=3C=CC=CC3)C=4C([N+]2C)=CC=CC4
2362176,CACNA1H,S(CN1N=NC2=C(C1=O)C=CC=C2)C=3N=CN=C4C3C=CC=C4
2812,CACNA1H,ClC=1C(C(N2C=CN=C2)(C3=CC=CC=C3)C4=CC=CC=C4)=CC=CC1
46943243,CACNA1H,ClC1=C(OCC(=O)NC=2OC(=NN2)CC(C)(C)C)C=CC(Cl)=C1
791485,CACNA1H,S(C=1N(CC2CCCC2)C(=O)C3=C(N1)C=CC=C3)CC(OCC)=O
5388977,CACNA1H,O(CC(N(C)C)(CC)C1=CC=CC=C1)C(=O)C2=CC(OC)=C(OC)C(OC)=C2
4485,CACNA1H,O(C(=O)C=1C(C(C(=NC1C)C)C(OC)=O)C=2C(N(=O)=O)=CC=CC2)C
CHEMBL424892,CACNA1H,[C@H]1(COC([C@@H](N1)C(C)C)=O)C(=O)NCC2=CC=CC=C2
CHEMBL322356,CACNA1H,C1=CC=C2N=C(N(C(CC(=O)OC)C2=C1)C3=CC=CC=C3)C=4C=CC=CC4
9551775,CACNA1H,N=C1C(C(C2CC(CC=C2C1C#N)C3=CC=CC=C3)C4=CC=CN=C4)(C#N)C#N
5265,CACNA1H,FC=1C=CC(C(=O)CCCN2CCC3(N(CNC3=O)C4=CC=CC=C4)CC2)=CC1
16745809,CACNA1H,FC(F)(F)C1=CC(NC(=O)C2=CC(NC=3N=CC=CC3)=CC(OC)=C2)=CC=C1
CHEMBL386255,CACNA1H,[C@H]1(COC(=O)[C@@H](N1)CC2=CC=C(C=C2)Cl)C(=O)NCC3=CC=CC=C3
CHEMBL30008,CACNA1H,N1(C(C=2C=CC(=CC2)F)C=3C=CC(=CC3)F)CCN(CC1)C/C=C/C4=CC=CC=C4
CHEMBL1684954,CACNA1H,C1=C(C=CC(CC(N[C@H](C)C2=CC=C(C=N2)OCC(F)(F)F)=O)=C1)C3CC3
CHEMBL1358821,CACNA1H,S(CC=1N=C(OC1C)C=2C=CC(OCC)=CC2)CC(=O)NC3C=4C(CCC3)=CC=CC4
25047657,CACNA1H,O1[C@]23OO[C@H]1CC4[C@@]5([C@](C6[C@@](CC5)(CCC(C6)(C)C)C)(CC[C@]4(C2CCCC3(C)C)C)C)C
CHEMBL45816,CACNA1H,C1=C(C=C2CC[C@@]([C@H](C2=C1)C(C)C)(CCN(C)CCCC3=NC4=C(N3)C=CC=C4)OC(=O)COC)F
CHEMBL493680,CACNA1I,C1CN(CCC(C)(C)C)CCC1CNC(C2=CC(=CC=C2)Cl)=O
CHEMBL493879,CACNA1I,C1CN(CCC(C)(C)C)CCC1CNC(C2=CC(=CN=C2)Br)=O
46943243,CACNA1I,ClC1=C(OCC(=O)NC=2OC(=NN2)CC(C)(C)C)C=CC(Cl)=C1
CHEMBL488817,CACNA1I,C1CN(CCC1(CNC(=O)C2=CC(=CC(=C2)Cl)Cl)F)C[C@@H]3CC(OCC3)(C)C
CHEMBL30008,CACNA1I,N1(C(C=2C=CC(=CC2)F)C=3C=CC(=CC3)F)CCN(CC1)C/C=C/C4=CC=CC=C4
CHEMBL1684954,CACNA1I,C1=C(C=CC(CC(N[C@H](C)C2=CC=C(C=N2)OCC(F)(F)F)=O)=C1)C3CC3
CHEMBL493677,CACNA1I,C=1(C=C(C(NC[C@@H]2[C@@H](CN(CC2)CCC(C)(C)C)F)=O)C=C(Cl)C1)Cl
CHEMBL45816,CACNA1I,C1=C(C=C2CC[C@@]([C@H](C2=C1)C(C)C)(CCN(C)CCCC3=NC4=C(N3)C=CC=C4)OC(=O)COC)F
42596918,CACNA1S,O(C(=O)C=1C(C(C(=NC1C)C)C(OC)=O)C2=CC(N(=O)=O)=CC=C2)CCCCC
CHEMBL23,CACNA1S,[C@@H]1(C(N(C=2C=CC=CC2S[C@H]1C3=CC=C(C=C3)OC)CCN(C)C)=O)OC(=O)C
CHEMBL204804,CACNA2D1,C1(=C(C(=CC=C1)F)F)C(C(=O)O)N
715493,CACNA2D1,O(C1=CC=C(N2C(=C3C(=C2C)C(=NN=C3C)C)C)C=C1)CC
CHEMBL1801184,CACNA2D1,N1(C(=C2C(=N1)C(=NN=C2C)N3CCCC3)C)C=4C=CC(=CC4Cl)Cl
CHEMBL1801191,CACNA2D1,N1(C(=C2C(=NN=C(N3CC(C3)OC)C2=N1)C)C)C=4C=CC(Cl)=CC4OC(F)(F)F
CHEMBL1801184,CACNA2D2,N1(C(=C2C(=N1)C(=NN=C2C)N3CCCC3)C)C=4C=CC(=CC4Cl)Cl
CHEMBL1801191,CACNA2D2,N1(C(=C2C(=NN=C(N3CC(C3)OC)C2=N1)C)C)C=4C=CC(Cl)=CC4OC(F)(F)F
CHEMBL74045,CHRNA10,N1[C@H](COC2=CC(F)=CC=C2)CCC1
125004,ITPR1,P(O[C@H]1[C@H](OP(O)(O)=O)[C@@H](O)[C@H](O)[C@H](O)[C@@H]1O)(O)(O)=O
755673,PKD2,O1C2=C(CCCNC2=O)C3=C1C=CC(O)=C3
53320109,PKD2,S1C2=C(SC=3C2=NC(OC)=NC3)C(=O)NCC1
CHEMBL2418824,TRPC3,C1CCCN(C1C)C(C2=CSC(=N2)NC=3C=CC(=CC3)C)=O
CHEMBL2418819,TRPC3,C1C(CCN(C1)C(C2=CSC(=N2)NC=3C=CC(=CC3)Cl)=O)C
71818431,TRPC3,S1C=C(N=C1NC=2C=CC(=CC2)C)C(=O)N3C(C(CCC3)C)C
CHEMBL2418811,TRPC3,[C@@H]1(CCCN([C@H]1C)C(C2=C(SC(=N2)NC3=C(C=C(C=C3)Cl)F)C)=O)C
64964,TRPC4,N1CCCNCCNCCCNCC1
246831,TRPC4,O=C(N1CCCCC1)CCCCC
9549512,TRPC4,N1(C2CCCCCC2)CCNCC1
1081837,TRPC4,ClC1=NC=NC(N2CCOCC2)=C1N
2478,TRPC4,S(OCCCCOS(=O)(=O)C)(=O)(=O)C
700139,TRPC4,O1CCN(C(=O)N2CCNCC2)CC1
22420,TRPC4,ClCCN(P1(OCCCN1)=O)CCCl
CHEMBL1319806,TRPC4,S1C2=C(C(=C1N)C#N)CCCCCC2
2788,TRPC4,IC=1C(O)=C2N=CC=CC2=C(Cl)C1
2402636,TRPC4,S1C(N2CCCCC2)=NC(=C1C=O)C
23723027,TRPC4,[N+](CCCCCC[N+](C)(C)C)(C)(C)C
4961635,TRPC4,S1CCC2=C(SC(N)=C2C(OCC)=O)C1
16717706,TRPC4,N=1C2C(CCC2)=C(N3CCCC3)CC1
658692,TRPC4,O1C(C2CC(=O)CC(=O)C2)=CC=C1
46891906,TRPC4,N1(CCCCC1)C2=NC(=CC=N2)C
12005717,TRPC4,[N+](CCCCCCCCCC)(CC#C)(C)C
15165,TRPC4,NC(C12CC3CC(C1)CC(C2)C3)C
7108,TRPC4,S1C2=C(NC3=C1C=CC=C3)C=CC=C2
421738,TRPC4,O(C(=O)C=1N=C2C(=CC1)C=CC=C2)C
742815,TRPC4,BrC=1C(=NC(NC(=O)C)=NC1OC)C
736587,TRPC4,OC=1N2N=CC(=C2N=C3C1CCCC3)C#N
66541,TRPC4,O=C1N(C(=O)N=C2N(N=CN=C21)C)C
295871,TRPC4,O(CC1=CC=CC=C1)C=2C=CN(=O)=CC2
5284439,TRPC4,N1C(CC(C2CCCCC2)C3CCCCC3)CCCC1
1633309,TRPC4,S(CCCCCCC)C=1N=C(N)C=C(O)N1
3241713,TRPC4,OC=1C(N(=O)=O)=CC(N(=O)=O)=CC1N(=O)=O
738092,TRPC4,OC1=CC=2N3C(=C(C2C=C1)C#N)C=CC=C3
254285,TRPC4,OC=1C=2C(N=CC1)=CC=C(N(=O)=O)C2
826913,TRPC4,ClC=1C=C(S(=O)(=O)N(CC)CC)C=NC1Cl
9549621,TRPC4,N(CC=1N(C=CC1)C)CCC2=CC=CC=C2
1568281,TRPC4,ClC=1C(NC(=O)CCCC)=C(C=C(C1)C)C
755673,TRPC4,O1C2=C(CCCNC2=O)C3=C1C=CC(O)=C3
762535,TRPC4,ClC=1C=C(C(=O)NC2=CC=CN=C2)C=CC1Cl
CHEMBL77675,TRPC4,C(=NC=1C=CC=CC1)(NC=2C=CC=CC2)N
4678554,TRPC4,ClCC=CC1=C(O)C2=C(C(O)=C1O)C=CC=C2
1348179,TRPC4,BrC=1OC(C(=O)NC=2C=C(OC(F)(F)F)C=CC2)=CC1
2112599,TRPC4,ClC1=CC=C(N2N=NN=C2SC3=NC=NC=4SC=CC34)C=C1
2538367,TRPC4,BrC1=CC2=C(OC(=C(C2=O)C)C=3C=CN(=O)=CC3)C=C1
45479748,TRPC4,FC(F)(F)C=1C=CC(/C(=N/OCCN)/CCCCOC)=CC1
6464443,TRPC4,O=C(NC=1C=CC(CCCC)=CC1)NC2=CC=CN=C2
CHEMBL1327414,TRPC4,ClC=1C=C(C(C)(C)C)C(OCCN2C=NC=C2)=CC1
649138,TRPC4,O=C(N(C1CCCCC1)C2CCCCC2)CN3N=C(C=C3C)C
CHEMBL1549529,TRPC4,S1C(=NC(C=2SC=CC2)=C1)NC(=O)C=3C=CC(OC)=CC3
2836469,TRPC4,BrC1=CC=2C(N)=C3C(N(C4CCCCC4)CC3)=NC2C=C1
2812,TRPC4,ClC=1C(C(N2C=CN=C2)(C3=CC=CC=C3)C4=CC=CC=C4)=CC=CC1
3951051,TRPC4,ClC1=CC(NC(=O)C(NCCOC)C2=CC=CC=C2)=CC(Cl)=C1
7551341,TRPC4,S(=O)(=O)(N(CC)CC)C=1C=C(NC(=O)C2CCCC2)C(N(CC)CC)=CC1
5388977,TRPC4,O(CC(N(C)C)(CC)C1=CC=CC=C1)C(=O)C2=CC(OC)=C(OC)C(OC)=C2
4485,TRPC4,O(C(=O)C=1C(C(C(=NC1C)C)C(OC)=O)C=2C(N(=O)=O)=CC=CC2)C
16745809,TRPC4,FC(F)(F)C1=CC(NC(=O)C2=CC(NC=3N=CC=CC3)=CC(OC)=C2)=CC=C1
16196147,TRPC4,O(C=1C(N2C3=[N+](C=4C(CC3)=CC=CC4)C=C2C5=CC=CC=C5)=CC=CC1)C
1358388,TRPC4,O1C(C=2N=C3C(=C(C(=O)NCCC4=CC=C(OC)C=C4)C2)C=CC=C3)=CC=C1
92766,TRPC4,O[C@@H]1[C@H]([C@@H]2[C@H](CN3[C@@H](C2)C=4NC=5C(C4CC3)=CC=CC5)CC1)C(OC)=O
64964,TRPC6,N1CCCNCCNCCCNCC1
246831,TRPC6,O=C(N1CCCCC1)CCCCC
9549512,TRPC6,N1(C2CCCCCC2)CCNCC1
1081837,TRPC6,ClC1=NC=NC(N2CCOCC2)=C1N
2478,TRPC6,S(OCCCCOS(=O)(=O)C)(=O)(=O)C
601417,TRPC6,S1C=2CCCCCCC2C(=C1N)C#N
700139,TRPC6,O1CCN(C(=O)N2CCNCC2)CC1
2949404,TRPC6,ClC=1C=C(OCCNC)C=CC1Cl
22420,TRPC6,ClCCN(P1(OCCCN1)=O)CCCl
2788,TRPC6,IC=1C(O)=C2N=CC=CC2=C(Cl)C1
2402636,TRPC6,S1C(N2CCCCC2)=NC(=C1C=O)C
23723027,TRPC6,[N+](CCCCCC[N+](C)(C)C)(C)(C)C
4961635,TRPC6,S1CCC2=C(SC(N)=C2C(OCC)=O)C1
16717706,TRPC6,N=1C2C(CCC2)=C(N3CCCC3)CC1
658692,TRPC6,O1C(C2CC(=O)CC(=O)C2)=CC=C1
46891906,TRPC6,N1(CCCCC1)C2=NC(=CC=N2)C
12005717,TRPC6,[N+](CCCCCCCCCC)(CC#C)(C)C
15165,TRPC6,NC(C12CC3CC(C1)CC(C2)C3)C
7108,TRPC6,S1C2=C(NC3=C1C=CC=C3)C=CC=C2
421738,TRPC6,O(C(=O)C=1N=C2C(=CC1)C=CC=C2)C
2262399,TRPC6,ClC=1C(=CC(OCCNCCO)=CC1C)C
742815,TRPC6,BrC=1C(=NC(NC(=O)C)=NC1OC)C
736587,TRPC6,OC=1N2N=CC(=C2N=C3C1CCCC3)C#N
66541,TRPC6,O=C1N(C(=O)N=C2N(N=CN=C21)C)C
295871,TRPC6,O(CC1=CC=CC=C1)C=2C=CN(=O)=CC2
16682565,TRPC6,N(N=C(N)N)=C1CCCCCCCCCCC1
5284439,TRPC6,N1C(CC(C2CCCCC2)C3CCCCC3)CCCC1
1633309,TRPC6,S(CCCCCCC)C=1N=C(N)C=C(O)N1
CHEMBL1866172,TRPC6,N=1C=2C(C(=CC1N3CCNCC3)C)=CC=CC2
3241713,TRPC6,OC=1C(N(=O)=O)=CC(N(=O)=O)=CC1N(=O)=O
254285,TRPC6,OC=1C=2C(N=CC1)=CC=C(N(=O)=O)C2
9549621,TRPC6,N(CC=1N(C=CC1)C)CCC2=CC=CC=C2
1568281,TRPC6,ClC=1C(NC(=O)CCCC)=C(C=C(C1)C)C
5375781,TRPC6,O=N(=O)/C=C/C1=CC=C(N(CC)CC)C=C1
755673,TRPC6,O1C2=C(CCCNC2=O)C3=C1C=CC(O)=C3
762535,TRPC6,ClC=1C=C(C(=O)NC2=CC=CN=C2)C=CC1Cl
2829613,TRPC6,O=N(=O)C=1C=2C(=NC=CC2)C(N3CCNCC3)=CC1
649745,TRPC6,N1(CCCC1)C2=NC(N3CCCC3)=NC(N4CCNCC4)=N2
4678554,TRPC6,ClCC=CC1=C(O)C2=C(C(O)=C1O)C=CC=C2
1348179,TRPC6,BrC=1OC(C(=O)NC=2C=C(OC(F)(F)F)C=CC2)=CC1
2112599,TRPC6,ClC1=CC=C(N2N=NN=C2SC3=NC=NC=4SC=CC34)C=C1
2538367,TRPC6,BrC1=CC2=C(OC(=C(C2=O)C)C=3C=CN(=O)=CC3)C=C1
9560989,TRPC6,FC(F)(F)C=1C=CC(/C(=N/OCCN)/CCCCOC)=CC1
2768758,TRPC6,ClC1=CC=C(S(=O)C=2SN=NC2C(=O)NCCC)C=C1
6464443,TRPC6,O=C(NC=1C=CC(CCCC)=CC1)NC2=CC=CN=C2
2996937,TRPC6,ClC1=CC(CNCC(O)C2=CC=CC=C2)=CC(OC)=C1OCC
11958752,TRPC6,S1C=2N(N=C(C1)C=3C=CC=CC3)C=4C([N+]2C)=CC=CC4
2917883,TRPC6,O(CC(O)CNC(CC(C)(C)C)(C)C)C1=CC=2CCCC2C=C1
2812,TRPC6,ClC=1C(C(N2C=CN=C2)(C3=CC=CC=C3)C4=CC=CC=C4)=CC=CC1
3951051,TRPC6,ClC1=CC(NC(=O)C(NCCOC)C2=CC=CC=C2)=CC(Cl)=C1
CHEMBL2418819,TRPC6,C1C(CCN(C1)C(C2=CSC(=N2)NC=3C=CC(=CC3)Cl)=O)C
791485,TRPC6,S(C=1N(CC2CCCC2)C(=O)C3=C(N1)C=CC=C3)CC(OCC)=O
4485,TRPC6,O(C(=O)C=1C(C(C(=NC1C)C)C(OC)=O)C=2C(N(=O)=O)=CC=CC2)C
CHEMBL2418806,TRPC6,C1(CCCN(C1C)C(C2=CSC(=N2)NC=3C=CC(=CC3)C)=O)C
9551775,TRPC6,N=C1C(C(C2CC(CC=C2C1C#N)C3=CC=CC=C3)C4=CC=CN=C4)(C#N)C#N
5265,TRPC6,FC=1C=CC(C(=O)CCCN2CCC3(N(CNC3=O)C4=CC=CC=C4)CC2)=CC1
16745809,TRPC6,FC(F)(F)C1=CC(NC(=O)C2=CC(NC=3N=CC=CC3)=CC(OC)=C2)=CC=C1
1358388,TRPC6,O1C(C=2N=C3C(=C(C(=O)NCCC4=CC=C(OC)C=C4)C2)C=CC=C3)=CC=C1
92766,TRPC6,O[C@@H]1[C@H]([C@@H]2[C@H](CN3[C@@H](C2)C=4NC=5C(C4CC3)=CC=CC5)CC1)C(OC)=O
2834423,TRPC6,O(C1C(CCC(C1)C)C(C)C)C(=O)CN2C(=[N+](C=3C2=CC=CC3)C)C=4C=CC=CC4
CHEMBL2418811,TRPC6,[C@@H]1(CCCN([C@H]1C)C(C2=C(SC(=N2)NC3=C(C=C(C=C3)Cl)F)C)=O)C
64964,TRPV1,N1CCCNCCNCCCNCC1
246831,TRPV1,O=C(N1CCCCC1)CCCCC
9549512,TRPV1,N1(C2CCCCCC2)CCNCC1
3118,TRPV1,S(P(=S)(OCC)OCC)CCSCC
44143153,TRPV1,ClC1=NSSC1=NC=2OC(=NN2)C
9384,TRPV1,N(CCCCNCCCN)CCCN
601417,TRPV1,S1C=2CCCCCCC2C(=C1N)C#N
700139,TRPV1,O1CCN(C(=O)N2CCNCC2)CC1
2949404,TRPV1,ClC=1C=C(OCCNC)C=CC1Cl
23676659,TRPV1,OC(CCCCC)CCCC(=O)O
2788,TRPV1,IC=1C(O)=C2N=CC=CC2=C(Cl)C1
2402636,TRPV1,S1C(N2CCCCC2)=NC(=C1C=O)C
108661,TRPV1,ClC=1C(N2CCOCC2)=CC=C(N)C1
4961635,TRPV1,S1CCC2=C(SC(N)=C2C(OCC)=O)C1
800379,TRPV1,S1C=2N=CN(C(=O)C2C(=C1C)C)CC
2735302,TRPV1,ClC=1C2=NON=C2C(N(=O)=O)=C(N)C1
12005717,TRPV1,[N+](CCCCCCCCCC)(CC#C)(C)C
7108,TRPV1,S1C2=C(NC3=C1C=CC=C3)C=CC=C2
736587,TRPV1,OC=1N2N=CC(=C2N=C3C1CCCC3)C#N
66541,TRPV1,O=C1N(C(=O)N=C2N(N=CN=C21)C)C
5394,TRPV1,O=C1N2C(N=NN1C)=C(N=C2)C(=O)N
1633309,TRPV1,S(CCCCCCC)C=1N=C(N)C=C(O)N1
935459,TRPV1,FC(F)(F)CNC(=O)NC1=CC=CN=C1
738092,TRPV1,OC1=CC=2N3C(=C(C2C=C1)C#N)C=CC=C3
254285,TRPV1,OC=1C=2C(N=CC1)=CC=C(N(=O)=O)C2
826913,TRPV1,ClC=1C=C(S(=O)(=O)N(CC)CC)C=NC1Cl
2730,TRPV1,ClC=1C(OP(=S)(OCC)OCC)=NC(Cl)=C(Cl)C1
9549621,TRPV1,N(CC=1N(C=CC1)C)CCC2=CC=CC=C2
42628496,TRPV1,S(=O)(=O)(N(CC1=CC=CC=C1)CC#C)C=C
250660,TRPV1,O=C1N2C(=NC=3C2=CC=CC3)C=4C1=CC=CC4
1568281,TRPV1,ClC=1C(NC(=O)CCCC)=C(C=C(C1)C)C
5375781,TRPV1,O=N(=O)/C=C/C1=CC=C(N(CC)CC)C=C1
755673,TRPV1,O1C2=C(CCCNC2=O)C3=C1C=CC(O)=C3
5389288,TRPV1,ClC1=CC=2C=3CCCC3C(OC2C(CN4CCOCC4)=C1O)=O
5901566,TRPV1,S1C2=C(N=C1C(C(=O)C=3OC=CC3)C#N)C=CC=C2
762535,TRPV1,ClC=1C=C(C(=O)NC2=CC=CN=C2)C=CC1Cl
910458,TRPV1,N1(CCCC1)C=2N=C3C(=C(C2)C)C=CC=C3
2829613,TRPV1,O=N(=O)C=1C=2C(=NC=CC2)C(N3CCNCC3)=CC1
649745,TRPV1,N1(CCCC1)C2=NC(N3CCCC3)=NC(N4CCNCC4)=N2
1348179,TRPV1,BrC=1OC(C(=O)NC=2C=C(OC(F)(F)F)C=CC2)=CC1
44142142,TRPV1,S1C=2N=CN=C(SC=3N(N=NN3)C)C2C(C=4SC=CC4)=C1
2538367,TRPV1,BrC1=CC2=C(OC(=C(C2=O)C)C=3C=CN(=O)=CC3)C=C1
2768758,TRPV1,ClC1=CC=C(S(=O)C=2SN=NC2C(=O)NCCC)C=C1
11957129,TRPV1,N1(CCCCCC1)C=2N=C3C(=C(C2)C)C=CC=C3
CHEMBL1318212,TRPV1,O=C(NC=1C=CC(=CC1)CCCC)NC2=CN=CC=C2
CHEMBL1327414,TRPV1,ClC=1C=C(C(C)(C)C)C(OCCN2C=NC=C2)=CC1
2996937,TRPV1,ClC1=CC(CNCC(O)C2=CC=CC=C2)=CC(OC)=C1OCC
2836469,TRPV1,BrC1=CC=2C(N)=C3C(N(C4CCCCC4)CC3)=NC2C=C1
11958752,TRPV1,S1C=2N(N=C(C1)C=3C=CC=CC3)C=4C([N+]2C)=CC=CC4
2362176,TRPV1,S(CN1N=NC2=C(C1=O)C=CC=C2)C=3N=CN=C4C3C=CC=C4
2812,TRPV1,ClC=1C(C(N2C=CN=C2)(C3=CC=CC=C3)C4=CC=CC=C4)=CC=CC1
3951051,TRPV1,ClC1=CC(NC(=O)C(NCCOC)C2=CC=CC=C2)=CC(Cl)=C1
791485,TRPV1,S(C=1N(CC2CCCC2)C(=O)C3=C(N1)C=CC=C3)CC(OCC)=O
7551341,TRPV1,S(=O)(=O)(N(CC)CC)C=1C=C(NC(=O)C2CCCC2)C(N(CC)CC)=CC1
6603977,TRPV1,O(CCCCC1=CC=CC=C1)C=2C3=C(OC=C3)C=C4OC(=O)C=CC24
4485,TRPV1,O(C(=O)C=1C(C(C(=NC1C)C)C(OC)=O)C=2C(N(=O)=O)=CC=CC2)C
CHEMBL2418806,TRPV1,C1(CCCN(C1C)C(C2=CSC(=N2)NC=3C=CC(=CC3)C)=O)C
5311203,TRPV1,O=C1N2[C@@H](CCC2)C=3N(C=4C1=CC(OC)=CC4)C=NC3C(OCC)=O
9551775,TRPV1,N=C1C(C(C2CC(CC=C2C1C#N)C3=CC=CC=C3)C4=CC=CN=C4)(C#N)C#N
5265,TRPV1,FC=1C=CC(C(=O)CCCN2CCC3(N(CNC3=O)C4=CC=CC=C4)CC2)=CC1
16745809,TRPV1,FC(F)(F)C1=CC(NC(=O)C2=CC(NC=3N=CC=CC3)=CC(OC)=C2)=CC=C1
92766,TRPV1,O[C@@H]1[C@H]([C@@H]2[C@H](CN3[C@@H](C2)C=4NC=5C(C4CC3)=CC=CC5)CC1)C(OC)=O
71818575,TRPV1,ClC1=CC(F)=C(NC=2SC(=C(N2)C(=O)N3[C@H]([C@H](CCC3)C)C)C)C=C1
1075105,TRPV4,ClC1=C(S(=O)(=O)N2CCN(CC2)CC3=CC=CC=C3)C=CC(Cl)=C1
90665456,TRPV4,ClC1=C(S(=O)(=O)N2CC(O)(C2)COC3=CC(F)=C(C=C3)C#N)C=CC(Cl)=C1
71818431,TRPV4,S1C=C(N=C1NC=2C=CC(=CC2)C)C(=O)N3C(C(CCC3)C)C
CHEMBL2418811,TRPV4,[C@@H]1(CCCN([C@H]1C)C(C2=C(SC(=N2)NC3=C(C=C(C=C3)Cl)F)C)=O)C
8295,CFTR,ClCCOP(OCCCl)(OCCCl)=O
246831,CFTR,O=C(N1CCCCC1)CCCCC
9549512,CFTR,N1(C2CCCCCC2)CCNCC1
3118,CFTR,S(P(=S)(OCC)OCC)CCSCC
44143153,CFTR,ClC1=NSSC1=NC=2OC(=NN2)C
219256,CFTR,O=C1CCN(C2CCCCC2)C1O
5351186,CFTR,N(CCCCNCCCN)CCCN
1081837,CFTR,ClC1=NC=NC(N2CCOCC2)=C1N
2478,CFTR,S(OCCCCOS(=O)(=O)C)(=O)(=O)C
10330504,CFTR,O=N(N1CCCC1)=NOCOC(=O)C
601417,CFTR,S1C=2CCCCCCC2C(=C1N)C#N
2949404,CFTR,ClC=1C=C(OCCNC)C=CC1Cl
22420,CFTR,ClCCN(P1(OCCCN1)=O)CCCl
2788,CFTR,IC=1C(O)=C2N=CC=CC2=C(Cl)C1
2402636,CFTR,S1C(N2CCCCC2)=NC(=C1C=O)C
23723027,CFTR,[N+](CCCCCC[N+](C)(C)C)(C)(C)C
108661,CFTR,ClC=1C(N2CCOCC2)=CC=C(N)C1
4961635,CFTR,S1CCC2=C(SC(N)=C2C(OCC)=O)C1
7108,CFTR,S1C2=C(NC3=C1C=CC=C3)C=CC=C2
421738,CFTR,O(C(=O)C=1N=C2C(=CC1)C=CC=C2)C
2262399,CFTR,ClC=1C(=CC(OCCNCCO)=CC1C)C
1833,CFTR,O(C=1C=C2C(CCN)=CNC2=CC1)C
344281,CFTR,O=C1C2=C(C(O)C(=O)C1=O)C=CC=C2
6217709,CFTR,ClCC(=O)C(C=1N2CCCCCC2=NN1)C#N
295871,CFTR,O(CC1=CC=CC=C1)C=2C=CN(=O)=CC2
16682565,CFTR,N(N=C(N)N)=C1CCCCCCCCCCC1
5394,CFTR,O=C1N2C(N=NN1C)=C(N=C2)C(=O)N
5284439,CFTR,N1C(CC(C2CCCCC2)C3CCCCC3)CCCC1
1633309,CFTR,S(CCCCCCC)C=1N=C(N)C=C(O)N1
935459,CFTR,FC(F)(F)CNC(=O)NC1=CC=CN=C1
738092,CFTR,OC1=CC=2N3C(=C(C2C=C1)C#N)C=CC=C3
826913,CFTR,ClC=1C=C(S(=O)(=O)N(CC)CC)C=NC1Cl
2730,CFTR,ClC=1C(OP(=S)(OCC)OCC)=NC(Cl)=C(Cl)C1
42628496,CFTR,S(=O)(=O)(N(CC1=CC=CC=C1)CC#C)C=C
1568281,CFTR,ClC=1C(NC(=O)CCCC)=C(C=C(C1)C)C
5375781,CFTR,O=N(=O)/C=C/C1=CC=C(N(CC)CC)C=C1
755673,CFTR,O1C2=C(CCCNC2=O)C3=C1C=CC(O)=C3
2846928,CFTR,N1(CCCCCCCCCCCCCCCC)C=[N+](C=C1)C
5389288,CFTR,ClC1=CC=2C=3CCCC3C(OC2C(CN4CCOCC4)=C1O)=O
5901566,CFTR,S1C2=C(N=C1C(C(=O)C=3OC=CC3)C#N)C=CC=C2
762535,CFTR,ClC=1C=C(C(=O)NC2=CC=CN=C2)C=CC1Cl
910458,CFTR,N1(CCCC1)C=2N=C3C(=C(C2)C)C=CC=C3
1348179,CFTR,BrC=1OC(C(=O)NC=2C=C(OC(F)(F)F)C=CC2)=CC1
2538367,CFTR,BrC1=CC2=C(OC(=C(C2=O)C)C=3C=CN(=O)=CC3)C=C1
11957129,CFTR,N1(CCCCCC1)C=2N=C3C(=C(C2)C)C=CC=C3
6464443,CFTR,O=C(NC=1C=CC(CCCC)=CC1)NC2=CC=CN=C2
649138,CFTR,O=C(N(C1CCCCC1)C2CCCCC2)CN3N=C(C=C3C)C
2996937,CFTR,ClC1=CC(CNCC(O)C2=CC=CC=C2)=CC(OC)=C1OCC
11958752,CFTR,S1C=2N(N=C(C1)C=3C=CC=CC3)C=4C([N+]2C)=CC=CC4
2917883,CFTR,O(CC(O)CNC(CC(C)(C)C)(C)C)C1=CC=2CCCC2C=C1
715493,CFTR,O(C1=CC=C(N2C(=C3C(=C2C)C(=NN=C3C)C)C)C=C1)CC
2812,CFTR,ClC=1C(C(N2C=CN=C2)(C3=CC=CC=C3)C4=CC=CC=C4)=CC=CC1
3951051,CFTR,ClC1=CC(NC(=O)C(NCCOC)C2=CC=CC=C2)=CC(Cl)=C1
791485,CFTR,S(C=1N(CC2CCCC2)C(=O)C3=C(N1)C=CC=C3)CC(OCC)=O
2162,CFTR,ClC=1C(C2C(C(=NC(=C2C(OC)=O)C)COCCN)C(OCC)=O)=CC=CC1
7551341,CFTR,S(=O)(=O)(N(CC)CC)C=1C=C(NC(=O)C2CCCC2)C(N(CC)CC)=CC1
5388977,CFTR,O(CC(N(C)C)(CC)C1=CC=CC=C1)C(=O)C2=CC(OC)=C(OC)C(OC)=C2
4485,CFTR,O(C(=O)C=1C(C(C(=NC1C)C)C(OC)=O)C=2C(N(=O)=O)=CC=CC2)C
5265,CFTR,FC=1C=CC(C(=O)CCCN2CCC3(N(CNC3=O)C4=CC=CC=C4)CC2)=CC1
1358388,CFTR,O1C(C=2N=C3C(=C(C(=O)NCCC4=CC=C(OC)C=C4)C2)C=CC=C3)=CC=C1
92766,CFTR,O[C@@H]1[C@H]([C@@H]2[C@H](CN3[C@@H](C2)C=4NC=5C(C4CC3)=CC=CC5)CC1)C(OC)=O
2834423,CFTR,O(C1C(CCC(C1)C)C(C)C)C(=O)CN2C(=[N+](C=3C2=CC=CC3)C)C=4C=CC=CC4
16192954,CFTR,O(C1C(CCC(C1)C)C(C)C)C(=O)CN2C(=[N+](C=3C2=CC=CC3)C)COC=4C(=CC=CC4)C
CHEMBL299250,GABRA1,N1C=2C(=CC(=NC2)OCC)C=3C1=CC=CC3
CHEMBL268191,GABRA1,N1C2=C(C=C(N=C2)C(=O)OC)C=3C1=CC=CC3
CHEMBL448,GABRA1,C1(C(C(NC(N1)=O)=O)(C(CCC)C)CC)=O
CHEMBL681,GABRA1,[C@@H](C1=CC=CC=C1)(N2C(C(OCC)=O)=CN=C2)C
CHEMBL20042,GABRA1,N=1N(C(O)=C2C1C3=C(N=C2)C=CC=C3)C4=CC=C(C=C4)Cl
CHEMBL407,GABRA1,C1=2N(C=3C(=CC(=CC3)F)C(N(C1)C)=O)C=NC2C(=O)OCC
CHEMBL1681900,GABRA1,C1CCC=2N=CC3=C(N(N=C3C2C1)C4=CC=C(C=C4)Cl)OCC5CC5
CHEMBL911,GABRA1,C=1(N2C(C=CC(=C2)C)=NC1C3=CC=C(C=C3)C)CC(N(C)C)=O
CHEMBL52030,GABRA1,C1=2N(C=3C(=CC(=CC3)OC)C(N4[C@H]1CCC4)=O)C=NC2C(=O)OCC
CHEMBL505768,GABRA1,C1=C(C#C)C=C2C(N3C=NC(=C3CN=C2C=4C=CC=CC4)C(OCCCOC(=O)C5=C6CN=C(C=7C(N6C=N5)=CC=C(C#C)C7)C8=CC=CC=C8)=O)=C1
CHEMBL20042,GABRA2,N=1N(C(O)=C2C1C3=C(N=C2)C=CC=C3)C4=CC=C(C=C4)Cl
CHEMBL407,GABRA2,C1=2N(C=3C(=CC(=CC3)F)C(N(C1)C)=O)C=NC2C(=O)OCC
CHEMBL1681900,GABRA2,C1CCC=2N=CC3=C(N(N=C3C2C1)C4=CC=C(C=C4)Cl)OCC5CC5
CHEMBL911,GABRA2,C=1(N2C(C=CC(=C2)C)=NC1C3=CC=C(C=C3)C)CC(N(C)C)=O
CHEMBL522055,GABRA2,C1=C(C#C)C=C2C(=NCC3=C(N=CN3C2=C1)C(OCC)=O)C4=CC=CC=C4
CHEMBL1681891,GABRA2,O1CCC=2N=CC=3C(C2C1)=NN(C4=CC=C(C=C4)Cl)C3OCC5=CC=CC=C5Cl
CHEMBL52030,GABRA2,C1=2N(C=3C(=CC(=CC3)OC)C(N4[C@H]1CCC4)=O)C=NC2C(=O)OCC
CHEMBL443736,GABRA2,C=1C=C2C(=CC1CC)C(N(C)CC=3N2C=NC3C(OCCCOC(=O)C4=C5CN(C(C6=CC(=CC=C6N5C=N4)CC)=O)C)=O)=O
21065279,GABRA2,O(C(=O)C=1N=CN2C1CN=C(C3=C2C=CC(=C3)C#C)C=4C=CC=CC4)CCOCCOC(=O)C=5N=CN6C5CN=C(C7=C6C=CC(=C7)C#C)C=8C=CC=CC8
CHEMBL407,GABRA3,C1=2N(C=3C(=CC(=CC3)F)C(N(C1)C)=O)C=NC2C(=O)OCC
CHEMBL147217,GABRA3,N12C(C=3CN(CC)CCC3N=C1O)=NC(=C2)C4=C(F)C=CC=C4
CHEMBL911,GABRA3,C=1(N2C(C=CC(=C2)C)=NC1C3=CC=C(C=C3)C)CC(N(C)C)=O
CHEMBL522055,GABRA3,C1=C(C#C)C=C2C(=NCC3=C(N=CN3C2=C1)C(OCC)=O)C4=CC=CC=C4
5311203,GABRA3,O=C1N2[C@@H](CCC2)C=3N(C=4C1=CC(OC)=CC4)C=NC3C(OCC)=O
CHEMBL443736,GABRA3,C=1C=C2C(=CC1CC)C(N(C)CC=3N2C=NC3C(OCCCOC(=O)C4=C5CN(C(C6=CC(=CC=C6N5C=N4)CC)=O)C)=O)=O
CHEMBL505768,GABRA3,C1=C(C#C)C=C2C(N3C=NC(=C3CN=C2C=4C=CC=CC4)C(OCCCOC(=O)C5=C6CN=C(C=7C(N6C=N5)=CC=C(C#C)C7)C8=CC=CC=C8)=O)=C1
CHEMBL299250,GABRA5,N1C=2C(=CC(=NC2)OCC)C=3C1=CC=CC3
CHEMBL268191,GABRA5,N1C2=C(C=C(N=C2)C(=O)OC)C=3C1=CC=CC3
CHEMBL20042,GABRA5,N=1N(C(O)=C2C1C3=C(N=C2)C=CC=C3)C4=CC=C(C=C4)Cl
CHEMBL407,GABRA5,C1=2N(C=3C(=CC(=CC3)F)C(N(C1)C)=O)C=NC2C(=O)OCC
CHEMBL73416,GABRA5,C=1(N2C(C=CC=C2)=NC1C3=CC=C(C=C3)Cl)CN(C(=O)CCC)C
CHEMBL52030,GABRA5,C1=2N(C=3C(=CC(=CC3)OC)C(N4[C@H]1CCC4)=O)C=NC2C(=O)OCC
CHEMBL443736,GABRA5,C=1C=C2C(=CC1CC)C(N(C)CC=3N2C=NC3C(OCCCOC(=O)C4=C5CN(C(C6=CC(=CC=C6N5C=N4)CC)=O)C)=O)=O
21065279,GABRA5,O(C(=O)C=1N=CN2C1CN=C(C3=C2C=CC(=C3)C#C)C=4C=CC=CC4)CCOCCOC(=O)C=5N=CN6C5CN=C(C7=C6C=CC(=C7)C#C)C=8C=CC=CC8
CHEMBL3274977,GLRA1,C12(CN(CC1)C)CNC=3C2=CC=CC3
CHEMBL193,GLRA1,C1(C(=O)OC)=C(N=C(C)C(C1C2=C(C=CC=C2)N(=O)=O)C(OC)=O)C
CHEMBL945,SCNN1A,C=1(N=C(Cl)C(=NC1N)N)C(N=C(N)N)=O
CHEMBL377688,SCNN1A,C1(=NC(=C(C(=O)/N=C(/NCCO)\N)N=C1Cl)N)N
CHEMBL1823890,HCN1,C1=CC=CC(=C1C(=O)NCCN2CCN(CC2)C)OC
CHEMBL1823679,HCN1,C1CCC(N2CCN(CC2)C)(CNC(=O)C=3C(=CC=CC3)Cl)CC1
2762833,ASIC3,N1=C(C2=CC=CC=C2)C=C(N)C=C1
CHEMBL945,ASIC3,C=1(N=C(Cl)C(=NC1N)N)C(N=C(N)N)=O
53235532,ASIC3,N1(CCNCC1)C2=NC=C(C=C2)C=3C=CC(NC=4N=C(C=CC4)C)=CC3
CHEMBL558,SCN5A,C1(OCC(N)C)=C(C=CC=C1C)C
CHEMBL2018453,SCN5A,C1(OCC(N)C)=C(C=CC(=C1C)O)C
CHEMBL698,SCN5A,C(C=1C=CC(=CC1)NCCCC)(=O)OCCN(C)C
1633309,SCN5A,S(CCCCCCC)C=1N=C(N)C=C(O)N1
CHEMBL521211,SCN5A,C=1C(=CC=C(C1)C=2OC(=CC2)C(N3CCNCC3)=O)Cl
CHEMBL432963,SCN5A,N(C(C=1C=CC(=CC1)C)=O)/C(=N\CCCC)/N
CHEMBL79,SCN5A,C=1(NC(=O)CN(CC)CC)C(=CC=CC1C)C
CHEMBL741,SCN5A,C1(=C(N=C(N=N1)N)N)C=2C(=C(Cl)C=CC2)Cl
CHEMBL1958460,SCN5A,C=1C=C(C=C(C1)Cl)C(C(N)=O)(O)CCCCCCC
24883321,SCN5A,ClC=1C=C([C@@](O)(CCCCCCC)C(=O)N)C=CC1
70681040,SCN5A,ClC=1C(OC=2C=CC(NC3=NC(N)=CC=N3)=CC2)=CC=CC1
CHEMBL629,SCN5A,C1(C2=C(CCC=3C1=CC=CC3)C=CC=C2)=CCCN(C)C
CHEMBL448556,SCN5A,C1(=NC(=C(C(=N1)CF)C2=C(C(=CC(=C2)Cl)Cl)Cl)N)N
CHEMBL539863,SCN5A,C1(=CC=C(C(=NC=2C=C(C=CC2)C)N)O1)C3=CC=C(C=C3)Cl
CHEMBL250048,SCN5A,C=1(C=2C=CC(=CC2)Cl)OC(C(=O)NC3=NC=CC(=C3)C)=CC1
70691559,SCN5A,O(C=1C=CC(NC2=NC(N)=CC=N2)=CC1)C3=CC=C(C=C3)C#N
CHEMBL512079,SCN5A,C=1C=CC=2N(CC3=CC=CC=C3)N=C(C4=NC(=NO4)CN)C2C1
CHEMBL387671,SCN5A,O([C@@H]1CCCC[C@H]1N2CCOCC2)CCC3=CC=CC=4C3=CC=CC4
CHEMBL2418806,SCN5A,C1(CCCN(C1C)C(C2=CSC(=N2)NC=3C=CC(=CC3)C)=O)C
CHEMBL2443262,SCN5A,C(C1=C(C=CS1)OC)NCC[C@@]2(CC3(CCCC3)OCC2)C=4C=CC=CN4
CHEMBL250699,SCN5A,C1(=CC=C(C(=O)NC=2C=C(C=C(C2)OC)OC)O1)C3=CC=C(C=C3)Cl
CHEMBL488817,SCN5A,C1CN(CCC1(CNC(=O)C2=CC(=CC(=C2)Cl)Cl)F)C[C@@H]3CC(OCC3)(C)C
CHEMBL21578,SCN5A,[C@@H]1(C=C)C2C[C@@H](N(CC2)C1)[C@H](C3=CC=NC4=C3C=C(C=C4)OC)O
CHEMBL2164389,SCN5A,C=1C=CC=2C(C1)=C(N(C2O)CCC=3N=CC=CC3)C(NCC4=CC=C(C=C4)OC(F)(F)F)=O
71818575,SCN5A,ClC1=CC(F)=C(NC=2SC(=C(N2)C(=O)N3[C@H]([C@H](CCC3)C)C)C)C=C1
CHEMBL3236329,SCN5A,O1N=C(N=C1C=2N(N=C3C=CC=CC23)CCN4C=NC=C4)CNC(C5=CC(=CC=C5)OC(F)(F)F)=O
CHEMBL39210,SCN4A,N1C(=CC=N1)C2=CC=C(C=C2)OC
CHEMBL16,SCN4A,C1(NC(=O)NC1(C2=CC=CC=C2)C3=CC=CC=C3)=O
CHEMBL108,SCN4A,N1(C=2C=CC=CC2C=CC3=C1C=CC=C3)C(N)=O
CHEMBL79,SCN4A,C=1(NC(=O)CN(CC)CC)C(=CC=CC1C)C
CHEMBL741,SCN4A,C1(=C(N=C(N=N1)N)N)C=2C(=C(Cl)C=CC2)Cl
CHEMBL3085871,SCN4A,S1C(=NC2=C1C[C@H](CC2)NCC=3NC=CC3)N
CHEMBL448556,SCN4A,C1(=NC(=C(C(=N1)CF)C2=C(C(=CC(=C2)Cl)Cl)Cl)N)N
CHEMBL512079,SCN4A,C=1C=CC=2N(CC3=CC=CC=C3)N=C(C4=NC(=NO4)CN)C2C1
CHEMBL3236329,SCN4A,O1N=C(N=C1C=2N(N=C3C=CC=CC23)CCN4C=NC=C4)CNC(C5=CC(=CC=C5)OC(F)(F)F)=O
CHEMBL558,SCN2A,C1(OCC(N)C)=C(C=CC=C1C)C
CHEMBL466517,SCN2A,C1=CC=CC=2SC=C(C21)CNS(N)(=O)=O
CHEMBL744,SCN2A,C=1C=C2N=C(SC2=CC1OC(F)(F)F)N
CHEMBL698,SCN2A,C(C=1C=CC(=CC1)NCCCC)(=O)OCCN(C)C
CHEMBL16,SCN2A,C1(NC(=O)NC1(C2=CC=CC=C2)C3=CC=CC=C3)=O
CHEMBL521211,SCN2A,C=1C(=CC=C(C1)C=2OC(=CC2)C(N3CCNCC3)=O)Cl
CHEMBL432963,SCN2A,N(C(C=1C=CC(=CC1)C)=O)/C(=N\CCCC)/N
CHEMBL741,SCN2A,C1(=C(N=C(N=N1)N)N)C=2C(=C(Cl)C=CC2)Cl
CHEMBL1958460,SCN2A,C=1C=C(C=C(C1)Cl)C(C(N)=O)(O)CCCCCCC
CHEMBL629,SCN2A,C1(C2=C(CCC=3C1=CC=CC3)C=CC=C2)=CCCN(C)C
CHEMBL448556,SCN2A,C1(=NC(=C(C(=N1)CF)C2=C(C(=CC(=C2)Cl)Cl)Cl)N)N
CHEMBL1958462,SCN2A,C=1C=C(C=C(C1)Cl)[C@@](C(N)=O)(O)CCCCCCC
CHEMBL539863,SCN2A,C1(=CC=C(C(=NC=2C=C(C=CC2)C)N)O1)C3=CC=C(C=C3)Cl
46032908,SCN2A,ClC1=CC=C(C2=CC(C(=O)NCC3=CC=CC=C3)=CN=C2)C=C1
CHEMBL299668,SCN2A,N1(C=2C(=CC=C(C2)Cl)/C(/C=C1)=N/CCCCC)CC3=CC=CC=C3
CHEMBL250699,SCN2A,C1(=CC=C(C(=O)NC=2C=C(C=C(C2)OC)OC)O1)C3=CC=C(C=C3)Cl
CHEMBL30008,SCN2A,N1(C(C=2C=CC(=CC2)F)C=3C=CC(=CC3)F)CCN(CC1)C/C=C/C4=CC=CC=C4
44544347,SCN2A,FC(F)(F)OC1=CC=C(CNC(=O)C2N(CCC3=NC=CC=C3)C(=O)C=4C2=CC=CC4)C=C1
CHEMBL2164389,SCN2A,C=1C=CC=2C(C1)=C(N(C2O)CCC=3N=CC=CC3)C(NCC4=CC=C(C=C4)OC(F)(F)F)=O
CHEMBL1423,SCN2A,C=1(N(C=2C=CC=CC2N1)C3CCN(CC3)CCCC(C4=CC=C(C=C4)F)C=5C=CC(=CC5)F)O
9796088,HCN4,N(C1=NC(=[N+](C(NC)=C1)C)C)(CC)C2=CC=CC=C2
CHEMBL1823679,HCN4,C1CCC(N2CCN(CC2)C)(CNC(=O)C=3C(=CC=CC3)Cl)CC1
CHEMBL558,SCN10A,C1(OCC(N)C)=C(C=CC=C1C)C
CHEMBL521211,SCN10A,C=1C(=CC=C(C1)C=2OC(=CC2)C(N3CCNCC3)=O)Cl
4498863,SCN10A,ClC1=CC=C(C=2OC(C(=O)N3CCN(CC3)C)=CC2)C=C1
CHEMBL741,SCN10A,C1(=C(N=C(N=N1)N)N)C=2C(=C(Cl)C=CC2)Cl
CHEMBL448556,SCN10A,C1(=NC(=C(C(=N1)CF)C2=C(C(=CC(=C2)Cl)Cl)Cl)N)N
CHEMBL58323,SCN10A,C=1C=CC=CC1CNC([C@H](NC(C)=O)COC)=O
CHEMBL539863,SCN10A,C1(=CC=C(C(=NC=2C=C(C=CC2)C)N)O1)C3=CC=C(C=C3)Cl
46032908,SCN10A,ClC1=CC=C(C2=CC(C(=O)NCC3=CC=CC=C3)=CN=C2)C=C1
CHEMBL250048,SCN10A,C=1(C=2C=CC(=CC2)Cl)OC(C(=O)NC3=NC=CC(=C3)C)=CC1
CHEMBL512079,SCN10A,C=1C=CC=2N(CC3=CC=CC=C3)N=C(C4=NC(=NO4)CN)C2C1
24778413,SCN10A,ClC1=CC=C(C=2OC(=CC2)/C(=N/C=3C=C(C=CC3)C)/N)C=C1
CHEMBL250699,SCN10A,C1(=CC=C(C(=O)NC=2C=C(C=C(C2)OC)OC)O1)C3=CC=C(C=C3)Cl
CHEMBL1631088,SCN10A,C1=CC=C(C(=C1)C2=CC(N3N=C(C=C3C(=O)N)C(N)=O)=CC=C2)OC(F)(F)F
CHEMBL558,SCN9A,C1(OCC(N)C)=C(C=CC=C1C)C
CHEMBL82804,SCN9A,N=1C(=NC(=CC1N)O)SCCCCCC
CHEMBL698,SCN9A,C(C=1C=CC(=CC1)NCCCC)(=O)OCCN(C)C
CHEMBL108,SCN9A,N1(C=2C=CC=CC2C=CC3=C1C=CC=C3)C(N)=O
CHEMBL79,SCN9A,C=1(NC(=O)CN(CC)CC)C(=CC=CC1C)C
CHEMBL741,SCN9A,C1(=C(N=C(N=N1)N)N)C=2C(=C(Cl)C=CC2)Cl
24883321,SCN9A,ClC=1C=C([C@@](O)(CCCCCCC)C(=O)N)C=CC1
70683165,SCN9A,FC1=CC=C(OC=2C=CC(NC3=NC(N)=CC=N3)=CC2)C=C1
CHEMBL3085871,SCN9A,S1C(=NC2=C1C[C@H](CC2)NCC=3NC=CC3)N
70681040,SCN9A,ClC=1C(OC=2C=CC(NC3=NC(N)=CC=N3)=CC2)=CC=CC1
CHEMBL629,SCN9A,C1(C2=C(CCC=3C1=CC=CC3)C=CC=C2)=CCCN(C)C
CHEMBL448556,SCN9A,C1(=NC(=C(C(=N1)CF)C2=C(C(=CC(=C2)Cl)Cl)Cl)N)N
CHEMBL58323,SCN9A,C=1C=CC=CC1CNC([C@H](NC(C)=O)COC)=O
CHEMBL512079,SCN9A,C=1C=CC=2N(CC3=CC=CC=C3)N=C(C4=NC(=NO4)CN)C2C1
CHEMBL250699,SCN9A,C1(=CC=C(C(=O)NC=2C=C(C=C(C2)OC)OC)O1)C3=CC=C(C=C3)Cl
CHEMBL1631088,SCN9A,C1=CC=C(C(=C1)C2=CC(N3N=C(C=C3C(=O)N)C(N)=O)=CC=C2)OC(F)(F)F
44544347,SCN9A,FC(F)(F)OC1=CC=C(CNC(=O)C2N(CCC3=NC=CC=C3)C(=O)C=4C2=CC=CC4)C=C1
CHEMBL2164389,SCN9A,C=1C=CC=2C(C1)=C(N(C2O)CCC=3N=CC=CC3)C(NCC4=CC=C(C=C4)OC(F)(F)F)=O
CHEMBL3236329,SCN9A,O1N=C(N=C1C=2N(N=C3C=CC=CC23)CCN4C=NC=C4)CNC(C5=CC(=CC=C5)OC(F)(F)F)=O
CHEMBL248195,SCN9A,O(C(N[C@H](CC1=C(C=CC(=C1)F)F)C(N[C@H]2C(N(C(C)C)C3=CC=CC=C3CC2)=O)=O)=O)C(C)(C)C
CHEMBL247647,SCN9A,O(C(N[C@@H](C(N[C@H]1C(N(C(C)C)C=2C(=CC=CC2)CC1)=O)=O)CC3=C(C(=CC=C3)F)C(F)(F)F)=O)C(C)(C)C
