Gene name,Sequence
HCN1,MEGGGKPNSSSNSRDDGNSVFPAKASATGAGPAAAEKRLGTPPGGGGAGAKEHGNSVCFKVDGGGGGGGGGGGGEEPAGGFEDAEGPRRQYGFMQRQFTSMLQPGVNKFSLRMFGSQKAVEKEQERVKTAGFWIIHPYSDFRFYWDLIMLIMMVGNLVIIPVGITFFTEQTTTPWIIFNVASDTVFLLDLIMNFRTGTVNEDSSEIILDPKVIKMNYLKSWFVVDFISSIPVDYIFLIVEKGMDSEVYKTARALRIVRFTKILSLLRLLRLSRLIRYIHQWEEIFHMTYDLASAVVRIFNLIGMMLLLCHWDGCLQFLVPLLQDFPPDCWVSLNEMVNDSWGKQYSYALFKAMSHMLCIGYGAQAPVSMSDLWITMLSMIVGATCYAMFVGHATALIQSLDSSRRQYQEKYKQVEQYMSFHKLPADMRQKIHDYYEHRYQGKIFDEENILNELNDPLREEIVNFNCRKLVATMPLFANADPNFVTAMLSKLRFEVFQPGDYIIREGAVGKKMYFIQHGVAGVITKSSKEMKLTDGSYFGEICLLTKGRRTASVRADTYCRLYSLSVDNFNEVLEEYPMMRRAFETVAIDRLDRIGKKNSILLQKFQKDLNTGVFNNQENEILKQIVKHDREMVQAIAPINYPQMTTLNSTSSTTTPTSRMRTQSPPVYTATSLSHSNLHSPSPSTQTPQPSAILSPCSYTTAVCSPPVQSPLAARTFHYASPTASQLSLMQQQPQQQVQQSQPPQTQPQQPSPQPQTPGSSTPKNEVHKSTQALHNTNLTREVRPLSASQPSLPHEVSTLISRPHPTVGESLASIPQPVTAVPGTGLQAGGRSTVPQRVTLFRQMSSGAIPPNRGVPPAPPPPAAALPRESSSVLNTDPDAEKPRFASNL
HCN4,MDKLPPSMRKRLYSLPQQVGAKAWIMDEEEDAEEEGAGGRQDPSRRSIRLRPLPSPSPSAAAGGTESRSSALGAADSEGPARGAGKSSTNGDCRRFRGSLASLGSRGGGSGGTGSGSSHGHLHDSAEERRLIAEGDASPGEDRTPPGLAAEPERPGASAQPAASPPPPQQPPQPASASCEQPSVDTAIKVEGGAAAGDQILPEAEVRLGQAGFMQRQFGAMLQPGVNKFSLRMFGSQKAVEREQERVKSAGFWIIHPYSDFRFYWDLTMLLLMVGNLIIIPVGITFFKDENTTPWIVFNVVSDTFFLIDLVLNFRTGIVVEDNTEIILDPQRIKMKYLKSWFMVDFISSIPVDYIFLIVETRIDSEVYKTARALRIVRFTKILSLLRLLRLSRLIRYIHQWEEIFHMTYDLASAVVRIVNLIGMMLLLCHWDGCLQFLVPMLQDFPDDCWVSINNMVNNSWGKQYSYALFKAMSHMLCIGYGRQAPVGMSDVWLTMLSMIVGATCYAMFIGHATALIQSLDSSRRQYQEKYKQVEQYMSFHKLPPDTRQRIHDYYEHRYQGKMFDEESILGELSEPLREEIINFNCRKLVASMPLFANADPNFVTSMLTKLRFEVFQPGDYIIREGTIGKKMYFIQHGVVSVLTKGNKETKLADGSYFGEICLLTRGRRTASVRADTYCRLYSLSVDNFNEVLEEYPMMRRAFETVALDRLDRIGKKNSILLHKVQHDLNSGVFNYQENEIIQQIVQHDREMAHCAHRVQAAASATPTPTPVIWTPLIQAPLQAAAATTSVAIALTHHPRLPAAIFRPPPGSGLGNLGAGQTPRHLKRLQSLIPSALGSASPASSPSQVDTPSSSSFHIQQLAGFSAPAGLSPLLPSSSSSPPPGACGSPSAPTPSAGVAATTIAGFGHFHKALGGSLSSSDSPLLTPLQPGARSPQAAQPSPAPPGARGGLGLPEHFLPPPPSSRSPSSSPGQLGQPPGELSLGLATGPLSTPETPPRQPEPPSLVAGASGGASPVGFTPRGGLSPPGHSPGPPRTFPSAPPRASGSHGSLLLPPASSPPPPQVPQRRGTPPLTPGRLTQDLKLISASQPALPQDGAQTLRRASPHSSGESMAAFPLFPRAGGGSGGSGSSGGLGPPGRPYGAIPGQHVTLPRKTSSGSLPPPLSLFGARATSSGGPPLTAGPQREPGARPEPVRSKLPSNL
KCNA3,MDERLSLLRSPPPPSARHRAHPPQRPASSGGAHTLVNHGYAEPAAGRELPPDMTVVPGDHLLEPEVADGGGAPPQGGCGGGGCDRYEPLPPSLPAAGEQDCCGERVVINISGLRFETQLKTLCQFPETLLGDPKRRMRYFDPLRNEYFFDRNRPSFDAILYYYQSGGRIRRPVNVPIDIFSEEIRFYQLGEEAMEKFREDEGFLREEERPLPRRDFQRQVWLLFEYPESSGPARGIAIVSVLVILISIVIFCLETLPEFRDEKDYPASTSQDSFEAAGNSTSGSRAGASSFSDPFFVVETLCIIWFSFELLVRFFACPSKATFSRNIMNLIDIVAIIPYFITLGTELAERQGNGQQAMSLAILRVIRLVRVFRIFKLSRHSKGLQILGQTLKASMRELGLLIFFLFIGVILFSSAVYFAEADDPTSGFSSIPDAFWWAVVTMTTVGYGDMHPVTIGGKIVGSLCAIAGVLTIALPVPVIVSNFNYFYHRETEGEEQSQYMHVGSCQHLSSSAEELRKARSNSTLSKSEYMVIEEGGMNHSAFPQTPFKTGNSTATCTTNNNPNSCVNIKKIFTDV
KCNA5,MEIALVPLENGGAMTVRGGDEARAGCGQATGGELQCPPTAGLSDGPKEPAPKGRGAQRDADSGVRPLPPLPDPGVRPLPPLPEELPRPRRPPPEDEEEEGDPGLGTVEDQALGTASLHHQRVHINISGLRFETQLGTLAQFPNTLLGDPAKRLRYFDPLRNEYFFDRNRPSFDGILYYYQSGGRLRRPVNVSLDVFADEIRFYQLGDEAMERFREDEGFIKEEEKPLPRNEFQRQVWLIFEYPESSGSARAIAIVSVLVILISIITFCLETLPEFRDERELLRHPPAPHQPPAPAPGANGSGVMAPPSGPTVAPLLPRTLADPFFIVETTCVIWFTFELLVRFFACPSKAGFSRNIMNIIDVVAIFPYFITLGTELAEQQPGGGGGGQNGQQAMSLAILRVIRLVRVFRIFKLSRHSKGLQILGKTLQASMRELGLLIFFLFIGVILFSSAVYFAEADNQGTHFSSIPDAFWWAVVTMTTVGYGDMRPITVGGKIVGSLCAIAGVLTIALPVPVIVSNFNYFYHRETDHEEPAVLKEEQGTQSQGPGLDRGVQRKVSGSRGSFCKAGGTLENADSARRGSCPLEKCNVKAKSNVDLRRSLYALCLDTSRETDL
KCNH2,MPVRRGHVAPQNTFLDTIIRKFEGQSRKFIIANARVENCAVIYCNDGFCELCGYSRAEVMQRPCTCDFLHGPRTQRRAAAQIAQALLGAEERKVEIAFYRKDGSCFLCLVDVVPVKNEDGAVIMFILNFEVVMEKDMVGSPAHDTNHRGPPTSWLAPGRAKTFRLKLPALLALTARESSVRSGGAGGAGAPGAVVVDVDLTPAAPSSESLALDEVTAMDNHVAGLGPAEERRALVGPGSPPRSAPGQLPSPRAHSLNPDASGSSCSLARTRSRESCASVRRASSADDIEAMRAGVLPPPPRHASTGAMHPLRSGLLNSTSDSDLVRYRTISKIPQITLNFVDLKGDPFLASPTSDREIIAPKIKERTHNVTEKVTQVLSLGADVLPEYKLQAPRIHRWTILHYSPFKAVWDWLILLLVIYTAVFTPYSAAFLLKETEEGPPATECGYACQPLAVVDLIVDIMFIVDILINFRTTYVNANEEVVSHPGRIAVHYFKGWFLIDMVAAIPFDLLIFGSGSEELIGLLKTARLLRLVRVARKLDRYSEYGAAVLFLLMCTFALIAHWLACIWYAIGNMEQPHMDSRIGWLHNLGDQIGKPYNSSGLGGPSIKDKYVTALYFTFSSLTSVGFGNVSPNTNSEKIFSICVMLIGSLMYASIFGNVSAIIQRLYSGTARYHTQMLRVREFIRFHQIPNPLRQRLEEYFQHAWSYTNGIDMNAVLKGFPECLQADICLHLNRSLLQHCKPFRGATKGCLRALAMKFKTTHAPPGDTLVHAGDLLTALYFISRGSIEILRGDVVVAILGKNDIFGEPLNLYARPGKSNGDVRALTYCDLHKIHRDDLLEVLDMYPEFSDHFWSSLEITFNLRDTNMIPGSPGSTELEGGFSRQRKRKLSFRRRTDKDTEQPGEVSALGPGRAGAGPSSRGRPGGPWGESPSSGPSSPESSEDEGPGRSSSPLRLVPFSSPRPPGEPPGGEPLMEDCEKSSDTCNPLSGAFSGVSNIFSFWGDSRGRQYQELPRCPAPTPSLLNIPLSSPGRRPRGDVESRLDALQRQLNRLETRLSADMATVLQLLQRQMTLVPPAYSAVTTPGPGPTSTSPLLPVSPLPTLTLDSLSQVSQFMACEELPPGAPELPQEGPTRRLSLPGQLGALTSQPLHRHGSDPGS
KCNK3,MKRQNVRTLALIVCTFTYLLVGAAVFDALESEPELIERQRLELRQQELRARYNLSQGGYEELERVVLRLKPHKAGVQWRFAGSFYFAITVITTIGYGHAAPSTDGGKVFCMFYALLGIPLTLVMFQSLGERINTLVRYLLHRAKKGLGMRRADVSMANMVLIGFFSCISTLCIGAAAFSHYEHWTFFQAYYYCFITLTTIGFGDYVALQKDQALQTQPQYVAFSFVYILTGLTVIGAFLNLVVLRFMTMNAEDEKRDAEHRALLTRNGQAGGGGGGGSAHTTDTASSTAAAGGGGFRNVYAEVLHFQSMCSCLWYKSREKLQYSIPMIIPRDLSTSDTCVEQSHSSPGGGGRYSDTPSRRCLCSGAPRSAISSVSTGLHSLSTFRGLMKRRSSV
KCNMA1,MANGGGGGGGSSGGGGGGGGSSLRMSSNIHANHLSLDASSSSSSSSSSSSSSSSSSSSSSVHEPKMDALIIPVTMEVPCDSRGQRMWWAFLASSMVTFFGGLFIILLWRTLKYLWTVCCHCGGKTKEAQKINNGSSQADGTLKPVDEKEEAVAAEVGWMTSVKDWAGVMISAQTLTGRVLVVLVFALSIGALVIYFIDSSNPIESCQNFYKDFTLQIDMAFNVFFLLYFGLRFIAANDKLWFWLEVNSVVDFFTVPPVFVSVYLNRSWLGLRFLRALRLIQFSEILQFLNILKTSNSIKLVNLLSIFISTWLTAAGFIHLVENSGDPWENFQNNQALTYWECVYLLMVTMSTVGYGDVYAKTTLGRLFMVFFILGGLAMFASYVPEIIELIGNRKKYGGSYSAVSGRKHIVVCGHITLESVSNFLKDFLHKDRDDVNVEIVFLHNISPNLELEALFKRHFTQVEFYQGSVLNPHDLARVKIESADACLILANKYCADPDAEDASNIMRVISIKNYHPKIRIITQMLQYHNKAHLLNIPSWNWKEGDDAICLAELKLGFIAQSCLAQGLSTMLANLFSMRSFIKIEEDTWQKYYLEGVSNEMYTEYLSSAFVGLSFPTVCELCFVKLKLLMIAIEYKSANRESRILINPGNHLKIQEGTLGFFIASDAKEVKRAFFYCKACHDDITDPKRIKKCGCKRPKMSIYKRMRRACCFDCGRSERDCSCMSGRVRGNVDTLERAFPLSSVSVNDCSTSFRAFEDEQPSTLSPKKKQRNGGMRNSPNTSPKLMRHDPLLIPGNDQIDNMDSNVKKYDSTGMFHWCAPKEIEKVILTRSEAAMTVLSGHVVVCIFGDVSSALIGLRNLVMPLRASNFHYHELKHIVFVGSIEYLKREWETLHNFPKVSILPGTPLSRADLRAVNINLCDMCVILSANQNNIDDTSLQDKECILASLNIKSMQFDDSIGVLQANSQGFTPPGMDRSSPDNSPVHGMLRQPSITTGVNIPIITELVNDTNVQFLDQDDDDDPDTELYLTQPFACGTAFAVSVLDSLMSATYFNDNILTLIRTLVTGGATPELEALIAEENALRGGYSTPQTLANRDRCRVAQLALLDGPFADLGDGGCYGDLFCKALKTYNMLCFGIYRLRDAHLSTPSQCTKRYVITNPPYEFELVPTDLIFCLMQFDHNAGQSRASLSHSSHSSQSSSKKSSSVHSIPSTANRQNRPKSRESRDKQKYVQEERL
KCNQ1,MAAASSPPRAERKRWGWGRLPGARRGSAGLAKKCPFSLELAEGGPAGGALYAPIAPGAPGPAPPASPAAPAAPPVASDLGPRPPVSLDPRVSIYSTRRPVLARTHVQGRVYNFLERPTGWKCFVYHFAVFLIVLVCLIFSVLSTIEQYAALATGTLFWMEIVLVVFFGTEYVVRLWSAGCRSKYVGLWGRLRFARKPISIIDLIVVVASMVVLCVGSKGQVFATSAIRGIRFLQILRMLHVDRQGGTWRLLGSVVFIHRQELITTLYIGFLGLIFSSYFVYLAEKDAVNESGRVEFGSYADALWWGVVTVTTIGYGDKVPQTWVGKTIASCFSVFAISFFALPAGILGSGFALKVQQKQRQKHFNRQIPAAASLIQTAWRCYAAENPDSSTWKIYIRKAPRSHTLLSPSPKPKKSVVVKKKKFKLDKDNGVTPGEKMLTVPHITCDPPEERRLDHFSVDGYDSSVRKSPTLLEVSMPHFMRTNSFAEDLDLEGETLLTPITHISQLREHHRATIKVIRRMQYFVAKKKFQQARKPYDVRDVIEQYSQGHLNLMVRIKELQRRLDQSIGKPSLFISVSEKSKDRGSNTIGARLNRVEDKVTQLDQRLALITDMLHQLLSLHGGSTPGSGGPPREGGAHITQPCGSGGSVDPELFLPSNTLPTYEQLTVPRRGPDEGS
KCNQ2,MVQKSRNGGVYPGPSGEKKLKVGFVGLDPGAPDSTRDGALLIAGSEAPKRGSILSKPRAGGAGAGKPPKRNAFYRKLQNFLYNVLERPRGWAFIYHAYVFLLVFSCLVLSVFSTIKEYEKSSEGALYILEIVTIVVFGVEYFVRIWAAGCCCRYRGWRGRLKFARKPFCVIDIMVLIASIAVLAAGSQGNVFATSALRSLRFLQILRMIRMDRRGGTWKLLGSVVYAHSKELVTAWYIGFLCLILASFLVYLAEKGENDHFDTYADALWWGLITLTTIGYGDKYPQTWNGRLLAATFTLIGVSFFALPAGILGSGFALKVQEQHRQKHFEKRRNPAAGLIQSAWRFYATNLSRTDLHSTWQYYERTVTVPMYSSQTQTYGASRLIPPLNQLELLRNLKSKSGLAFRKDPPPEPSPSKGSPCRGPLCGCCPGRSSQKVSLKDRVFSSPRGVAAKGKGSPQAQTVRRSPSADQSLEDSPSKVPKSWSFGDRSRARQAFRIKGAASRQNSEEASLPGEDIVDDKSCPCEFVTEDLTPGLKVSIRAVCVMRFLVSKRKFKESLRPYDVMDVIEQYSAGHLDMLSRIKSLQSRVDQIVGRGPAITDKDRTKGPAEAELPEDPSMMGRLGKVEKQVLSMEKKLDFLVNIYMQRMGIPPTETEAYFGAKEPEPAPPYHSPEDSREHVDRHGCIVKIVRSSSSTGQKNFSAPPAAPPVQCPPSTSWQPQSHPRQGHGTSPVGDHGSLVRIPPPPAHERSLSAYGGGNRASMEFLRQEDTPGCRPPEGNLRDSDTSISIPSVDHEELERSFSGFSISQSKENLDALNSCYAAVAPCAKVRPYIAEGESDTDSDLCTPCGPPPRSATGEGPFGDVGWAGPRK
PKD2,MVNSSRVQPQQPGDAKRPPAPRAPDPGRLMAGCAAVGASLAAPGGLCEQRGLEIEMQRIRQAAARDPPAGAAASPSPPLSSCSRQAWSRDNPGFEAEEEEEEVEGEEGGMVVEMDVEWRPGSRRSAASSAVSSVGARSRGLGGYHGAGHPSGRRRRREDQGPPCPSPVGGGDPLHRHLPLEGQPPRVAWAERLVRGLRGLWGTRLMEESSTNREKYLKSVLRELVTYLLFLIVLCILTYGMMSSNVYYYTRMMSQLFLDTPVSKTEKTNFKTLSSMEDFWKFTEGSLLDGLYWKMQPSNQTEADNRSFIFYENLLLGVPRIRQLRVRNGSCSIPQDLRDEIKECYDVYSVSSEDRAPFGPRNGTAWIYTSEKDLNGSSHWGIIATYSGAGYYLDLSRTREETAAQVASLKKNVWLDRGTRATFIDFSVYNANINLFCVVRLLVEFPATGGVIPSWQFQPLKLIRYVTTFDFFLAACEIIFCFFIFYYVVEEILEIRIHKLHYFRSFWNCLDVVIVVLSVVAIGINIYRTSNVEVLLQFLEDQNTFPNFEHLAYWQIQFNNIAAVTVFFVWIKLFKFINFNRTMSQLSTTMSRCAKDLFGFAIMFFIIFLAYAQLAYLVFGTQVDDFSTFQECIFTQFRIILGDINFAEIEEANRVLGPIYFTTFVFFMFFILLNMFLAIINDTYSEVKSDLAQQKAEMELSDLIRKGYHKALVKLKLKKNTVDDISESLRQGGGKLNFDELRQDLKGKGHTDAEIEAIFTKYDQDGDQELTEHEHQQMRDDLEKEREDLDLDHSSLPRPMSSRSFPRSLDDSEEDDDEDSGHSSRRRGSISSGVSYEEFQVLVRRVDRMEHSIGSIVSKIDAVIVKLEIMERAKLKRREVLGRLLDGVAEDERLGRDSEIHREQMERLVREELERWESDDAASQISHGLGTPVGLNGQPRPRSSRPSSSQSTEGMEGAGGNGSSNVHV
CACNA1B,MVRFGDELGGRYGGPGGGERARGGGAGGAGGPGPGGLQPGQRVLYKQSIAQRARTMALYNPIPVKQNCFTVNRSLFVFSEDNVVRKYAKRITEWPPFEYMILATIIANCIVLALEQHLPDGDKTPMSERLDDTEPYFIGIFCFEAGIKIIALGFVFHKGSYLRNGWNVMDFVVVLTGILATAGTDFDLRTLRAVRVLRPLKLVSGIPSLQVVLKSIMKAMVPLLQIGLLLFFAILMFAIIGLEFYMGKFHKACFPNSTDAEPVGDFPCGKEAPARLCEGDTECREYWPGPNFGITNFDNILFAILTVFQCITMEGWTDILYNTNDAAGNTWNWLYFIPLIIIGSFFMLNLVLGVLSGEFAKERERVENRRAFLKLRRQQQIERELNGYLEWIFKAEEVMLAEEDRNAEEKSPLDVLKRAATKKSRNDLIHAEEGEDRFADLCAVGSPFARASLKSGKTESSSYFRRKEKMFRFFIRRMVKAQSFYWVVLCVVALNTLCVAMVHYNQPRRLTTTLYFAEFVFLGLFLTEMSLKMYGLGPRSYFRSSFNCFDFGVIVGSVFEVVWAAIKPGSSFGISVLRALRLLRIFKVTKYWSSLRNLVVSLLNSMKSIISLLFLLFLFIVVFALLGMQLFGGQFNFQDETPTTNFDTFPAAILTVFQILTGEDWNAVMYHGIESQGGVSKGMFSSFYFIVLTLFGNYTLLNVFLAIAVDNLANAQELTKDEEEMEEAANQKLALQKAKEVAEVSPMSAANISIAARQQNSAKARSVWEQRASQLRLQNLRASCEALYSEMDPEERLRFATTRHLRPDMKTHLDRPLVVELGRDGARGPVGGKARPEAAEAPEGVDPPRRHHRHRDKDKTPAAGDQDRAEAPKAESGEPGAREERPRPHRSHSKEAAGPPEARSERGRGPGPEGGRRHHRRGSPEEAAEREPRRHRAHRHQDPSKECAGAKGERRARHRGGPRAGPREAESGEEPARRHRARHKAQPAHEAVEKETTEKEATEKEAEIVEADKEKELRNHQPREPHCDLETSGTVTVGPMHTLPSTCLQKVEEQPEDADNQRNVTRMGSQPPDPNTIVHIPVMLTGPLGEATVVPSGNVDLESQAEGKKEVEADDVMRSGPRPIVPYSSMFCLSPTNLLRRFCHYIVTMRYFEVVILVVIALSSIALAAEDPVRTDSPRNNALKYLDYIFTGVFTFEMVIKMIDLGLLLHPGAYFRDLWNILDFIVVSGALVAFAFSGSKGKDINTIKSLRVLRVLRPLKTIKRLPKLKAVFDCVVNSLKNVLNILIVYMLFMFIFAVIAVQLFKGKFFYCTDESKELERDCRGQYLDYEKEEVEAQPRQWKKYDFHYDNVLWALLTLFTVSTGEGWPMVLKHSVDATYEEQGPSPGYRMELSIFYVVYFVVFPFFFVNIFVALIIITFQEQGDKVMSECSLEKNERACIDFAISAKPLTRYMPQNRQSFQYKTWTFVVSPPFEYFIMAMIALNTVVLMMKFYDAPYEYELMLKCLNIVFTSMFSMECVLKIIAFGVLNYFRDAWNVFDFVTVLGSITDILVTEIAETNNFINLSFLRLFRAARLIKLLRQGYTIRILLWTFVQSFKALPYVCLLIAMLFFIYAIIGMQVFGNIALDDDTSINRHNNFRTFLQALMLLFRSATGEAWHEIMLSCLSNQACDEQANATECGSDFAYFYFVSFIFLCSFLMLNLFVAVIMDNFEYLTRDSSILGPHHLDEFIRVWAEYDPAACGRISYNDMFEMLKHMSPPLGLGKKCPARVAYKRLVRMNMPISNEDMTVHFTSTLMALIRTALEIKLAPAGTKQHQCDAELRKEISVVWANLPQKTLDLLVPPHKPDEMTVGKVYAALMIFDFYKQNKTTRDQMQQAPGGLSQMGPVSLFHPLKATLEQTQPAVLRGARVFLRQKSSTSLSNGGAIQNQESGIKESVSWGTQRTQDAPHEARPPLERGHSTEIPVGRSGALAVDVQMQSITRRGPDGEPQPGLESQGRAASMPRLAAETQPVTDASPMKRSISTLAQRPRGTHLCSTTPDRPPPSQASSHHHHHRCHRRRDRKQRSLEKGPSLSADMDGAPSSAVGPGLPPGEGPTGCRRERERRQERGRSQERRQPSSSSSEKQRFYSCDRFGGREPPKPKPSLSSHPTSPTAGQEPGPHPQGSGSVNGSPLLSTSGASTPGRGGRRQLPQTPLTPRPSITYKTANSSPIHFAGAQTSLPAFSPGRLSRGLSEHNALLQRDPLSQPLAPGSRIGSDPYLGQRLDSEASVHALPEDTLTFEEAVATNSGRSSRTSYVSSLTSQSHPLRRVPNGYHCTLGLSSGGRARHSYHHPDQDHWC
CACNA1C,MVNENTRMYIPEENHQGSNYGSPRPAHANMNANAAAGLAPEHIPTPGAALSWQAAIDAARQAKLMGSAGNATISTVSSTQRKRQQYGKPKKQGSTTATRPPRALLCLTLKNPIRRACISIVEWKPFEIIILLTIFANCVALAIYIPFPEDDSNATNSNLERVEYLFLIIFTVEAFLKVIAYGLLFHPNAYLRNGWNLLDFIIVVVGLFSAILEQATKADGANALGGKGAGFDVKALRAFRVLRPLRLVSGVPSLQVVLNSIIKAMVPLLHIALLVLFVIIIYAIIGLELFMGKMHKTCYNQEGIADVPAEDDPSPCALETGHGRQCQNGTVCKPGWDGPKHGITNFDNFAFAMLTVFQCITMEGWTDVLYWVNDAVGRDWPWIYFVTLIIIGSFFVLNLVLGVLSGEFSKEREKAKARGDFQKLREKQQLEEDLKGYLDWITQAEDIDPENEDEGMDEEKPRNMSMPTSETESVNTENVAGGDIEGENCGARLAHRISKSKFSRYWRRWNRFCRRKCRAAVKSNVFYWLVIFLVFLNTLTIASEHYNQPNWLTEVQDTANKALLALFTAEMLLKMYSLGLQAYFVSLFNRFDCFVVCGGILETILVETKIMSPLGISVLRCVRLLRIFKITRYWNSLSNLVASLLNSVRSIASLLLLLFLFIIIFSLLGMQLFGGKFNFDEMQTRRSTFDNFPQSLLTVFQILTGEDWNSVMYDGIMAYGGPSFPGMLVCIYFIILFICGNYILLNVFLAIAVDNLADAESLTSAQKEEEEEKERKKLARTASPEKKQELVEKPAVGESKEEKIELKSITADGESPPATKINMDDLQPNENEDKSPYPNPETTGEEDEEEPEMPVGPRPRPLSELHLKEKAVPMPEASAFFIFSSNNRFRLQCHRIVNDTIFTNLILFFILLSSISLAAEDPVQHTSFRNHILFYFDIVFTTIFTIEIALKILGNADYVFTSIFTLEIILKMTAYGAFLHKGSFCRNYFNILDLLVVSVSLISFGIQSSAINVVKILRVLRVLRPLRAINRAKGLKHVVQCVFVAIRTIGNIVIVTTLLQFMFACIGVQLFKGKLYTCSDSSKQTEAECKGNYITYKDGEVDHPIIQPRSWENSKFDFDNVLAAMMALFTVSTFEGWPELLYRSIDSHTEDKGPIYNYRVEISIFFIIYIIIIAFFMMNIFVGFVIVTFQEQGEQEYKNCELDKNQRQCVEYALKARPLRRYIPKNQHQYKVWYVVNSTYFEYLMFVLILLNTICLAMQHYGQSCLFKIAMNILNMLFTGLFTVEMILKLIAFKPKGYFSDPWNVFDFLIVIGSIIDVILSETNHYFCDAWNTFDALIVVGSIVDIAITEVNPAEHTQCSPSMNAEENSRISITFFRLFRVMRLVKLLSRGEGIRTLLWTFIKSFQALPYVALLIVMLFFIYAVIGMQVFGKIALNDTTEINRNNNFQTFPQAVLLLFRCATGEAWQDIMLACMPGKKCAPESEPSNSTEGETPCGSSFAVFYFISFYMLCAFLIINLFVAVIMDNFDYLTRDWSILGPHHLDEFKRIWAEYDPEAKGRIKHLDVVTLLRRIQPPLGFGKLCPHRVACKRLVSMNMPLNSDGTVMFNATLFALVRTALRIKTEGNLEQANEELRAIIKKIWKRTSMKLLDQVVPPAGDDEVTVGKFYATFLIQEYFRKFKKRKEQGLVGKPSQRNALSLQAGLRTLHDIGPEIRRAISGDLTAEEELDKAMKEAVSAASEDDIFRRAGGLFGNHVSYYQSDGRSAFPQTFTTQRPLHINKAGSSQGDTESPSHEKLVDSTFTPSSYSSTGSNANINNANNTALGRLPRPAGYPSTVSTVEGHGPPLSPAIRVQEVAWKLSSNRERHVPMCEDLELRRDSGSAGTQAHCLLLRKANPSRCHSRESQAAMAGQEETSQDETYEVKMNHDTEACSEPSLLSTEMLSYQDDENRQLTLPEEDKRDIRQSPKRGFLRSASLGRRASFHLECLKRQKDRGGDISQKTVLPLHLVHHQALAVAGLSPLLQRSHSPASFPRPFATPPATPGSRGWPPQPVPTLRLEGVESSEKLNSSFPSIHCGSWAETTPGGGGSSAARRVRPVSLMVPSQAGAPGRQFHGSASSLVEAVLISEGLGQFAQDPKFIEVTTQELADACDMTIEEMESAADNILSGGAPQSPNGALLPFVNCRDAGQDRAGGEEDAGCVRARGRPSEEELQDSRVYVSSL
CACNA1D,MMMMMMMKKMQHQRQQQADHANEANYARGTRLPLSGEGPTSQPNSSKQTVLSWQAAIDAARQAKAAQTMSTSAPPPVGSLSQRKRQQYAKSKKQGNSSNSRPARALFCLSLNNPIRRACISIVEWKPFDIFILLAIFANCVALAIYIPFPEDDSNSTNHNLEKVEYAFLIIFTVETFLKIIAYGLLLHPNAYVRNGWNLLDFVIVIVGLFSVILEQLTKETEGGNHSSGKSGGFDVKALRAFRVLRPLRLVSGVPSLQVVLNSIIKAMVPLLHIALLVLFVIIIYAIIGLELFIGKMHKTCFFADSDIVAEEDPAPCAFSGNGRQCTANGTECRSGWVGPNGGITNFDNFAFAMLTVFQCITMEGWTDVLYWMNDAMGFELPWVYFVSLVIFGSFFVLNLVLGVLSGEFSKEREKAKARGDFQKLREKQQLEEDLKGYLDWITQAEDIDPENEEEGGEEGKRNTSMPTSETESVNTENVSGEGENRGCCGSLCQAISKSKLSRRWRRWNRFNRRRCRAAVKSVTFYWLVIVLVFLNTLTISSEHYNQPDWLTQIQDIANKVLLALFTCEMLVKMYSLGLQAYFVSLFNRFDCFVVCGGITETILVELEIMSPLGISVFRCVRLLRIFKVTRHWTSLSNLVASLLNSMKSIASLLLLLFLFIIIFSLLGMQLFGGKFNFDETQTKRSTFDNFPQALLTVFQILTGEDWNAVMYDGIMAYGGPSSSGMIVCIYFIILFICGNYILLNVFLAIAVDNLADAESLNTAQKEEAEEKERKKIARKESLENKKNNKPEVNQIANSDNKVTIDDYREEDEDKDPYPPCDVPVGEEEEEEEEDEPEVPAGPRPRRISELNMKEKIAPIPEGSAFFILSKTNPIRVGCHKLINHHIFTNLILVFIMLSSAALAAEDPIRSHSFRNTILGYFDYAFTAIFTVEILLKMTTFGAFLHKGAFCRNYFNLLDMLVVGVSLVSFGIQSSAISVVKILRVLRVLRPLRAINRAKGLKHVVQCVFVAIRTIGNIMIVTTLLQFMFACIGVQLFKGKFYRCTDEAKSNPEECRGLFILYKDGDVDSPVVRERIWQNSDFNFDNVLSAMMALFTVSTFEGWPALLYKAIDSNGENIGPIYNHRVEISIFFIIYIIIVAFFMMNIFVGFVIVTFQEQGEKEYKNCELDKNQRQCVEYALKARPLRRYIPKNPYQYKFWYVVNSSPFEYMMFVLIMLNTLCLAMQHYEQSKMFNDAMDILNMVFTGVFTVEMVLKVIAFKPKGYFSDAWNTFDSLIVIGSIIDVALSEADPTESENVPVPTATPGNSEESNRISITFFRLFRVMRLVKLLSRGEGIRTLLWTFIKSFQALPYVALLIAMLFFIYAVIGMQMFGKVAMRDNNQINRNNNFQTFPQAVLLLFRCATGEAWQEIMLACLPGKLCDPESDYNPGEEYTCGSNFAIVYFISFYMLCAFLIINLFVAVIMDNFDYLTRDWSILGPHHLDEFKRIWSEYDPEAKGRIKHLDVVTLLRRIQPPLGFGKLCPHRVACKRLVAMNMPLNSDGTVMFNATLFALVRTALKIKTEGNLEQANEELRAVIKKIWKKTSMKLLDQVVPPAGDDEVTVGKFYATFLIQDYFRKFKKRKEQGLVGKYPAKNTTIALQAGLRTLHDIGPEIRRAISCDLQDDEPEETKREEEDDVFKRNGALLGNHVNHVNSDRRDSLQQTNTTHRPLHVQRPSIPPASDTEKPLFPPAGNSVCHNHHNHNSIGKQVPTSTNANLNNANMSKAAHGKRPSIGNLEHVSENGHHSSHKHDREPQRRSSVKRTRYYETYIRSDSGDEQLPTICREDPEIHGYFRDPHCLGEQEYFSSEECYEDDSSPTWSRQNYGYYSRYPGRNIDSERPRGYHHPQGFLEDDDSPVCYDSRRSPRRRLLPPTPASHRRSSFNFECLRRQSSQEEVPSSPIFPHRTALPLHLMQQQIMAVAGLDSSKAQKYSPSHSTRSWATPPATPPYRDWTPCYTPLIQVEQSEALDQVNGSLPSLHRSSWYTDEPDISYRTFTPASLTVPSSFRNKNSDKQRSADSLVEAVLISEGLGRYARDPKFVSATKHEIADACDLTIDEMESAASTLLNGNVRPRANGDVGPLSHRQDYELQDFGPGYSDEEPDPGRDEEDLADEMICITTL
CACNA1G,MDEEEDGAGAEESGQPRSFMRLNDLSGAGGRPGPGSAEKDPGSADSEAEGLPYPALAPVVFFYLSQDSRPRSWCLRTVCNPWFERISMLVILLNCVTLGMFRPCEDIACDSQRCRILQAFDDFIFAFFAVEMVVKMVALGIFGKKCYLGDTWNRLDFFIVIAGMLEYSLDLQNVSFSAVRTVRVLRPLRAINRVPSMRILVTLLLDTLPMLGNVLLLCFFVFFIFGIVGVQLWAGLLRNRCFLPENFSLPLSVDLERYYQTENEDESPFICSQPRENGMRSCRSVPTLRGDGGGGPPCGLDYEAYNSSSNTTCVNWNQYYTNCSAGEHNPFKGAINFDNIGYAWIAIFQVITLEGWVDIMYFVMDAHSFYNFIYFILLIIVGSFFMINLCLVVIATQFSETKQRESQLMREQRVRFLSNASTLASFSEPGSCYEELLKYLVYILRKAARRLAQVSRAAGVRVGLLSSPAPLGGQETQPSSSCSRSHRRLSVHHLVHHHHHHHHHYHLGNGTLRAPRASPEIQDRDANGSRRLMLPPPSTPALSGAPPGGAESVHSFYHADCHLEPVRCQAPPPRSPSEASGRTVGSGKVYPTVHTSPPPETLKEKALVEVAASSGPPTLTSLNIPPGPYSSMHKLLETQSTGACQSSCKISSPCLKADSGACGPDSCPYCARAGAGEVELADREMPDSDSEAVYEFTQDAQHSDLRDPHSRRQRSLGPDAEPSSVLAFWRLICDTFRKIVDSKYFGRGIMIAILVNTLSMGIEYHEQPEELTNALEISNIVFTSLFALEMLLKLLVYGPFGYIKNPYNIFDGVIVVISVWEIVGQQGGGLSVLRTFRLMRVLKLVRFLPALQRQLVVLMKTMDNVATFCMLLMLFIFIFSILGMHLFGCKFASERDGDTLPDRKNFDSLLWAIVTVFQILTQEDWNKVLYNGMASTSSWAALYFIALMTFGNYVLFNLLVAILVEGFQAEEISKREDASGQLSCIQLPVDSQGGDANKSESEPDFFSPSLDGDGDRKKCLALVSLGEHPELRKSLLPPLIIHTAATPMSLPKSTSTGLGEALGPASRRTSSSGSAEPGAAHEMKSPPSARSSPHSPWSAASSWTSRRSSRNSLGRAPSLKRRSPSGERRSLLSGEGQESQDEEESSEEERASPAGSDHRHRGSLEREAKSSFDLPDTLQVPGLHRTASGRGSASEHQDCNGKSASGRLARALRPDDPPLDGDDADDEGNLSKGERVRAWIRARLPACCLERDSWSAYIFPPQSRFRLLCHRIITHKMFDHVVLVIIFLNCITIAMERPKIDPHSAERIFLTLSNYIFTAVFLAEMTVKVVALGWCFGEQAYLRSSWNVLDGLLVLISVIDILVSMVSDSGTKILGMLRVLRLLRTLRPLRVISRAQGLKLVVETLMSSLKPIGNIVVICCAFFIIFGILGVQLFKGKFFVCQGEDTRNITNKSDCAEASYRWVRHKYNFDNLGQALMSLFVLASKDGWVDIMYDGLDAVGVDQQPIMNHNPWMLLYFISFLLIVAFFVLNMFVGVVVENFHKCRQHQEEEEARRREEKRLRRLEKKRRNLMLDDVIASGSSASAASEAQCKPYYSDYSRFRLLVHHLCTSHYLDLFITGVIGLNVVTMAMEHYQQPQILDEALKICNYIFTVIFVLESVFKLVAFGFRRFFQDRWNQLDLAIVLLSIMGITLEEIEVNASLPINPTIIRIMRVLRIARVLKLLKMAVGMRALLDTVMQALPQVGNLGLLFMLLFFIFAALGVELFGDLECDETHPCEGLGRHATFRNFGMAFLTLFRVSTGDNWNGIMKDTLRDCDQESTCYNTVISPIYFVSFVLTAQFVLVNVVIAVLMKHLEESNKEAKEEAELEAELELEMKTLSPQPHSPLGSPFLWPGVEGPDSPDSPKPGALHPAAHARSASHFSLEHPTDRQLFDTISLLIQGSLEWELKLMDELAGPGGQPSAFPSAPSLGGSDPQIPLAEMEALSLTSEIVSEPSCSLALTDDSLPDDMHTLLLSALESNMQPHPTELPGPDLLTVRKSGVSRTHSLPNDSYMCRHGSTAEGPLGHRGWGLPKAQSGSVLSVHSQPADTSYILQLPKDAPHLLQPHSAPTWGTIPKLPPPGRSPLAQRPLRRQAAIRTDSLDVQGLGSREDLLAEVSGPSPPLARAYSFWGQSSTQAQQHSRSHSKISKHMTPPAPCPGPEPNWGKGPPETRSSLELDTELSWISGDLLPPGGQEEPPSPRDLKKCYSVEAQSCQRRPTSWLDEQRRHSIAVSCLDSGSQPHLGTDPSNLGGQPLGGPGSRPKKKLSPPSITIDPPESQGPRTPPSPGICLRRRAPSSDSKDPLASGPPDSMAASPSPKKDVLSLSGLSSDPADLDP
CACNA1H,MTEGARAADEVRVPLGAPPPGPAALVGASPESPGAPGREAERGSELGVSPSESPAAERGAELGADEEQRVPYPALAATVFFCLGQTTRPRSWCLRLVCNPWFEHVSMLVIMLNCVTLGMFRPCEDVECGSERCNILEAFDAFIFAFFAVEMVIKMVALGLFGQKCYLGDTWNRLDFFIVVAGMMEYSLDGHNVSLSAIRTVRVLRPLRAINRVPSMRILVTLLLDTLPMLGNVLLLCFFVFFIFGIVGVQLWAGLLRNRCFLDSAFVRNNNLTFLRPYYQTEEGEENPFICSSRRDNGMQKCSHIPGRRELRMPCTLGWEAYTQPQAEGVGAARNACINWNQYYNVCRSGDSNPHNGAINFDNIGYAWIAIFQVITLEGWVDIMYYVMDAHSFYNFIYFILLIIVGSFFMINLCLVVIATQFSETKQRESQLMREQRARHLSNDSTLASFSEPGSCYEELLKYVGHIFRKVKRRSLRLYARWQSRWRKKVDPSAVQGQGPGHRQRRAGRHTASVHHLVYHHHHHHHHHYHFSHGSPRRPGPEPGACDTRLVRAGAPPSPPSPGRGPPDAESVHSIYHADCHIEGPQERARVAHAAATAAASLRLATGLGTMNYPTILPSGVGSGKGSTSPGPKGKWAGGPPGTGGHGPLSLNSPDPYEKIPHVVGEHGLGQAPGHLSGLSVPCPLPSPPAGTLTCELKSCPYCTRALEDPEGELSGSESGDSDGRGVYEFTQDVRHGDRWDPTRPPRATDTPGPGPGSPQRRAQQRAAPGEPGWMGRLWVTFSGKLRRIVDSKYFSRGIMMAILVNTLSMGVEYHEQPEELTNALEISNIVFTSMFALEMLLKLLACGPLGYIRNPYNIFDGIIVVISVWEIVGQADGGLSVLRTFRLLRVLKLVRFLPALRRQLVVLVKTMDNVATFCTLLMLFIFIFSILGMHLFGCKFSLKTDTGDTVPDRKNFDSLLWAIVTVFQILTQEDWNVVLYNGMASTSSWAALYFVALMTFGNYVLFNLLVAILVEGFQAEGDANRSDTDEDKTSVHFEEDFHKLRELQTTELKMCSLAVTPNGHLEGRGSLSPPLIMCTAATPMPTPKSSPFLDAAPSLPDSRRGSSSSGDPPLGDQKPPASLRSSPCAPWGPSGAWSSRRSSWSSLGRAPSLKRRGQCGERESLLSGEGKGSTDDEAEDGRAAPGPRATPLRRAESLDPRPLRPAALPPTKCRDRDGQVVALPSDFFLRIDSHREDAAELDDDSEDSCCLRLHKVLEPYKPQWCRSREAWALYLFSPQNRFRVSCQKVITHKMFDHVVLVFIFLNCVTIALERPDIDPGSTERVFLSVSNYIFTAIFVAEMMVKVVALGLLSGEHAYLQSSWNLLDGLLVLVSLVDIVVAMASAGGAKILGVLRVLRLLRTLRPLRVISRAPGLKLVVETLISSLRPIGNIVLICCAFFIIFGILGVQLFKGKFYYCEGPDTRNISTKAQCRAAHYRWVRRKYNFDNLGQALMSLFVLSSKDGWVNIMYDGLDAVGVDQQPVQNHNPWMLLYFISFLLIVSFFVLNMFVGVVVENFHKCRQHQEAEEARRREEKRLRRLERRRRSTFPSPEAQRRPYYADYSPTRRSIHSLCTSHYLDLFITFIICVNVITMSMEHYNQPKSLDEALKYCNYVFTIVFVFEAALKLVAFGFRRFFKDRWNQLDLAIVLLSLMGITLEEIEMSAALPINPTIIRIMRVLRIARVLKLLKMATGMRALLDTVVQALPQVGNLGLLFMLLFFIYAALGVELFGRLECSEDNPCEGLSRHATFSNFGMAFLTLFRVSTGDNWNGIMKDTLRECSREDKHCLSYLPALSPVYFVTFVLVAQFVLVNVVVAVLMKHLEESNKEAREDAELDAEIELEMAQGPGSARRVDADRPPLPQESPGARDAPNLVARKVSVSRMLSLPNDSYMFRPVVPASAPHPRPLQEVEMETYGAGTPLGSVASVHSPPAESCASLQIPLAVSSPARSGEPLHALSPRGTARSPSLSRLLCRQEAVHTDSLEGKIDSPRDTLDPAEPGEKTPVRPVTQGGSLQSPPRSPRPASVRTRKHTFGQRCVSSRPAAPGGEEAEASDPADEEVSHITSSACPWQPTAEPHGPEASPVAGGERDLRRLYSVDAQGFLDKPGRADEQWRPSAELGSGEPGEAKAWGPEAEPALGARRKKKMSPPCISVEPPAEDEGSARPSAAEGGSTTLRRRTPSCEATPHRDSLEPTEGSGAGGDPAAKGERWGQASCRAEHLTVPSFAFEPLDLGVPSGDPFLDGSHSVTPESRASSSGAIVPLEPPESEPPMPVGDPPEKRRGLYLTVPQCPLEKPGSPSATPAPGGGADDPV
CACNA1I,MAESASPPSSSAAAPAAEPGVTTEQPGPRSPPSSPPGLEEPLDGADPHVPHPDLAPIAFFCLRQTTSPRNWCIKMVCNPWFECVSMLVILLNCVTLGMYQPCDDMDCLSDRCKILQVFDDFIFIFFAMEMVLKMVALGIFGKKCYLGDTWNRLDFFIVMAGMVEYSLDLQNINLSAIRTVRVLRPLKAINRVPSMRILVNLLLDTLPMLGNVLLLCFFVFFIFGIIGVQLWAGLLRNRCFLEENFTIQGDVALPPYYQPEEDDEMPFICSLSGDNGIMGCHEIPPLKEQGRECCLSKDDVYDFGAGRQDLNASGLCVNWNRYYNVCRTGSANPHKGAINFDNIGYAWIVIFQVITLEGWVEIMYYVMDAHSFYNFIYFILLIIVGSFFMINLCLVVIATQFSETKQREHRLMLEQRQRYLSSSTVASYAEPGDCYEEIFQYVCHILRKAKRRALGLYQALQSRRQALGPEAPAPAKPGPHAKEPRHYHGKTKGQGDEGRHLGSRHCQTLHGPASPGNDHSGRELCPQHSPLDATPHTLVQPIPATLASDPASCPCCQHEDGRRPSGLGSTDSGQEGSGSGSSAGGEDEADGDGARSSEDGASSELGKEEEEEEQADGAVWLCGDVWRETRAKLRGIVDSKYFNRGIMMAILVNTVSMGIEHHEQPEELTNILEICNVVFTSMFALEMILKLAAFGLFDYLRNPYNIFDSIIVIISIWEIVGQADGGLSVLRTFRLLRVLKLVRFMPALRRQLVVLMKTMDNVATFCMLLMLFIFIFSILGMHIFGCKFSLRTDTGDTVPDRKNFDSLLWAIVTVFQILTQEDWNVVLYNGMASTSPWASLYFVALMTFGNYVLFNLLVAILVEGFQAEGDANRSYSDEDQSSSNIEEFDKLQEGLDSSGDPKLCPIPMTPNGHLDPSLPLGGHLGPAGAAGPAPRLSLQPDPMLVALGSRKSSVMSLGRMSYDQRSLSSSRSSYYGPWGRSAAWASRRSSWNSLKHKPPSAEHESLLSAERGGGARVCEVAADEGPPRAAPLHTPHAHHIHHGPHLAHRHRHHRRTLSLDNRDSVDLAELVPAVGAHPRAAWRAAGPAPGHEDCNGRMPSIAKDVFTKMGDRGDRGEDEEEIDYTLCFRVRKMIDVYKPDWCEVREDWSVYLFSPENRFRVLCQTIIAHKLFDYVVLAFIFLNCITIALERPQIEAGSTERIFLTVSNYIFTAIFVGEMTLKVVSLGLYFGEQAYLRSSWNVLDGFLVFVSIIDIVVSLASAGGAKILGVLRVLRLLRTLRPLRVISRAPGLKLVVETLISSLKPIGNIVLICCAFFIIFGILGVQLFKGKFYHCLGVDTRNITNRSDCMAANYRWVHHKYNFDNLGQALMSLFVLASKDGWVNIMYNGLDAVAVDQQPVTNHNPWMLLYFISFLLIVSFFVLNMFVGVVVENFHKCRQHQEAEEARRREEKRLRRLEKKRRKAQRLPYYATYCHTRLLIHSMCTSHYLDIFITFIICLNVVTMSLEHYNQPTSLETALKYCNYMFTTVFVLEAVLKLVAFGLRRFFKDRWNQLDLAIVLLSVMGITLEEIEINAALPINPTIIRIMRVLRIARVLKLLKMATGMRALLDTVVQALPQVGNLGLLFMLLFFIYAALGVELFGKLVCNDENPCEGMSRHATFENFGMAFLTLFQVSTGDNWNGIMKDTLRDCTHDERSCLSSLQFVSPLYFVSFVLTAQFVLINVVVAVLMKHLDDSNKEAQEDAEMDAELELEMAHGLGPGPRLPTGSPGAPGRGPGGAGGGGDTEGGLCRRCYSPAQENLWLDSVSLIIKDSLEGELTIIDNLSGSIFHHYSSPAGCKKCHHDKQEVQLAETEAFSLNSDRSSSILLGDDLSLEDPTACPPGRKDSKGELDPPEPMRVGDLGECFFPLSSTAVSPDPENFLCEMEEIPFNPVRSWLKHDSSQAPPSPFSPDASSPLLPMPAEFFHPAVSASQKGPEKGTGTGTLPKIALQGSWASLRSPRVNCTLLRQATGSDTSLDASPSSSAGSLQTTLEDSLTLSDSPRRALGPPAPAPGPRAGLSPAARRRLSLRGRGLFSLRGLRAHQRSHSSGGSTSPGCTHHDSMDPSDEEGRGGAGGGGAGSEHSETLSSLSLTSLFCPPPPPPAPGLTPARKFSSTSSLAAPGRPHAAALAHGLARSPSWAADRSKDPPGRAPLPMGLGPLAPPPQPLPGELEPGDAASKRKR
CACNA1S,MEPSSPQDEGLRKKQPKKPVPEILPRPPRALFCLTLENPLRKACISIVEWKPFETIILLTIFANCVALAVYLPMPEDDNNSLNLGLEKLEYFFLIVFSIEAAMKIIAYGFLFHQDAYLRSGWNVLDFTIVFLGVFTVILEQVNVIQSHTAPMSSKGAGLDVKALRAFRVLRPLRLVSGVPSLQVVLNSIFKAMLPLFHIALLVLFMVIIYAIIGLELFKGKMHKTCYFIGTDIVATVENEEPSPCARTGSGRRCTINGSECRGGWPGPNHGITHFDNFGFSMLTVYQCITMEGWTDVLYWVNDAIGNEWPWIYFVTLILLGSFFILNLVLGVLSGEFTKEREKAKSRGTFQKLREKQQLDEDLRGYMSWITQGEVMDVEDFREGKLSLDEGGSDTESLYEIAGLNKIIQFIRHWRQWNRIFRWKCHDIVKSKVFYWLVILIVALNTLSIASEHHNQPLWLTRLQDIANRVLLSLFTTEMLMKMYGLGLRQYFMSIFNRFDCFVVCSGILEILLVESGAMTPLGISVLRCIRLLRIFKITKYWTSLSNLVASLLNSIRSIASLLLLLFLFIVIFALLGMQLFGGRYDFEDTEVRRSNFDNFPQALISVFQVLTGEDWTSMMYNGIMAYGGPSYPGMLVCIYFIILFVCGNYILLNVFLAIAVDNLAEAESLTSAQKAKAEEKKRRKMSKGLPDKSEEEKSTMAKKLEQKPKGEGIPTTAKLKIDEFESNVNEVKDPYPSADFPGDDEEDEPEIPLSPRPRPLAELQLKEKAVPIPEASSFFIFSPTNKIRVLCHRIVNATWFTNFILLFILLSSAALAAEDPIRADSMRNQILKHFDIGFTSVFTVEIVLKMTTYGAFLHKGSFCRNYFNMLDLLVVAVSLISMGLESSAISVVKILRVLRVLRPLRAINRAKGLKHVVQCMFVAISTIGNIVLVTTLLQFMFACIGVQLFKGKFFRCTDLSKMTEEECRGYYYVYKDGDPMQIELRHREWVHSDFHFDNVLSAMMSLFTVSTFEGWPQLLYKAIDSNAEDVGPIYNNRVEMAIFFIIYIILIAFFMMNIFVGFVIVTFQEQGETEYKNCELDKNQRQCVQYALKARPLRCYIPKNPYQYQVWYIVTSSYFEYLMFALIMLNTICLGMQHYNQSEQMNHISDILNVAFTIIFTLEMILKLMAFKARGYFGDPWNVFDFLIVIGSIIDVILSEIDTFLASSGGLYCLGGGCGNVDPDESARISSAFFRLFRVMRLIKLLSRAEGVRTLLWTFIKSFQALPYVALLIVMLFFIYAVIGMQMFGKIALVDGTQINRNNNFQTFPQAVLLLFRCATGEAWQEILLACSYGKLCDPESDYAPGEEYTCGTNFAYYYFISFYMLCAFLVINLFVAVIMDNFDYLTRDWSILGPHHLDEFKAIWAEYDPEAKGRIKHLDVVTLLRRIQPPLGFGKFCPHRVACKRLVGMNMPLNSDGTVTFNATLFALVRTALKIKTEGNFEQANEELRAIIKKIWKRTSMKLLDQVIPPIGDDEVTVGKFYATFLIQEHFRKFMKRQEEYYGYRPKKDIVQIQAGLRTIEEEAAPEICRTVSGDLAAEEELERAMVEAAMEEGIFRRTGGLFGQVDNFLERTNSLPPVMANQRPLQFAEIEMEEMESPVFLEDFPQDPRTNPLARANTNNANANVAYGNSNHSNSHVFSSVHYEREFPEETETPATRGRALGQPCRVLGPHSKPCVEMLKGLLTQRAMPRGQAPPAPCQCPRVESSMPEDRKSSTPGSLHEETPHSRSTRENTSRCSAPATALLIQKALVRGGLGTLAADANFIMATGQALADACQMEPEEVEIMATELLKGREAPEGMASSLGCLNLGSSLGSLDQHQGSQETLIPPRL
CACNA2D1,MAAGCLLALTLTLFQSLLIGPSSEEPFPSAVTIKSWVDKMQEDLVTLAKTASGVNQLVDIYEKYQDLYTVEPNNARQLVEIAARDIEKLLSNRSKALVRLALEAEKVQAAHQWREDFASNEVVYYNAKDDLDPEKNDSEPGSQRIKPVFIEDANFGRQISYQHAAVHIPTDIYEGSTIVLNELNWTSALDEVFKKNREEDPSLLWQVFGSATGLARYYPASPWVDNSRTPNKIDLYDVRRRPWYIQGAASPKDMLILVDVSGSVSGLTLKLIRTSVSEMLETLSDDDFVNVASFNSNAQDVSCFQHLVQANVRNKKVLKDAVNNITAKGITDYKKGFSFAFEQLLNYNVSRANCNKIIMLFTDGGEERAQEIFNKYNKDKKVRVFTFSVGQHNYDRGPIQWMACENKGYYYEIPSIGAIRINTQEYLDVLGRPMVLAGDKAKQVQWTNVYLDALELGLVITGTLPVFNITGQFENKTNLKNQLILGVMGVDVSLEDIKRLTPRFTLCPNGYYFAIDPNGYVLLHPNLQPKPIGVGIPTINLRKRRPNIQNPKSQEPVTLDFLDAELENDIKVEIRNKMIDGESGEKTFRTLVKSQDERYIDKGNRTYTWTPVNGTDYSLALVLPTYSFYYIKAKLEETITQARYSETLKPDNFEESGYTFIAPRDYCNDLKISDNNTEFLLNFNEFIDRKTPNNPSCNADLINRVLLDAGFTNELVQNYWSKQKNIKGVKARFVVTDGGITRVYPKEAGENWQENPETYEDSFYKRSLDNDNYVFTAPYFNKSGPGAYESGIMVSKAVEIYIQGKLLKPAVVGIKIDVNSWIENFTKTSIRDPCAGPVCDCKRNSDVMDCVILDDGGFLLMANHDDYTNQIGRFFGEIDPSLMRHLVNISVYAFNKSYDYQSVCEPGAAPKQGAGHRSAYVPSVADILQIGWWATAAAWSILQQFLLSLTFPRLLEAVEMEDDDFTASLSKQSCITEQTQYFFDNDSKSFSGVLDCGNCSRIFHGEKLMNTNLIFIMVESKGTCPCDTRLLIQAEQTSDGPNPCDMVKQPRYRKGPDVCFDNNVLEDYTDCGGVSGLNPSLWYIIGIQFLLLWLVSGSTHRLL
CACNA2D2,MAVPARTCGASRPGPARTARPWPGCGPHPGPGTRRPTSGPPRPLWLLLPLLPLLAAPGASAYSFPQQHTMQHWARRLEQEVDGVMRIFGGVQQLREIYKDNRNLFEVQENEPQKLVEKVAGDIESLLDRKVQALKRLADAAENFQKAHRWQDNIKEEDIVYYDAKADAELDDPESEDVERGSKASTLRLDFIEDPNFKNKVNYSYAAVQIPTDIYKGSTVILNELNWTEALENVFMENRRQDPTLLWQVFGSATGVTRYYPATPWRAPKKIDLYDVRRRPWYIQGASSPKDMVIIVDVSGSVSGLTLKLMKTSVCEMLDTLSDDDYVNVASFNEKAQPVSCFTHLVQANVRNKKVFKEAVQGMVAKGTTGYKAGFEYAFDQLQNSNITRANCNKMIMMFTDGGEDRVQDVFEKYNWPNRTVRVFTFSVGQHNYDVTPLQWMACANKGYYFEIPSIGAIRINTQEYLDVLGRPMVLAGKEAKQVQWTNVYEDALGLGLVVTGTLPVFNLTQDGPGEKKNQLILGVMGIDVALNDIKRLTPNYTLGANGYVFAIDLNGYVLLHPNLKPQTTNFREPVTLDFLDAELEDENKEEIRRSMIDGNKGHKQIRTLVKSLDERYIDEVTRNYTWVPIRSTNYSLGLVLPPYSTFYLQANLSDQILQVKLPISKLKDFEFLLPSSFESEGHVFIAPREYCKDLNASDNNTEFLKNFIELMEKVTPDSKQCNNFLLHNLILDTGITQQLVERVWRDQDLNTYSLLAVFAATDGGITRVFPNKAAEDWTENPEPFNASFYRRSLDNHGYVFKPPHQDALLRPLELENDTVGILVSTAVELSLGRRTLRPAVVGVKLDLEAWAEKFKVLASNRTHQDQPQKCGPNSHCEMDCEVNNEDLLCVLIDDGGFLVLSNQNHQWDQVGRFFSEVDANLMLALYNNSFYTRKESYDYQAACAPQPPGNLGAAPRGVFVPTVADFLNLAWWTSAAAWSLFQQLLYGLIYHSWFQADPAEAEGSPETRESSCVMKQTQYYFGSVNASYNAIIDCGNCSRLFHAQRLTNTNLLFVVAEKPLCSQCEAGRLLQKETHSDGPEQCELVQRPRYRRGPHICFDYNATEDTSDCGRGASFPPSLGVLVSLQLLLLLGLPPRPQPQVLVHASRRL
CHRNA10,MGLRSHHLSLGLLLLFLLPAECLGAEGRLALKLFRDLFANYTSALRPVADTDQTLNVTLEVTLSQIIDMDERNQVLTLYLWIRQEWTDAYLRWDPNAYGGLDAIRIPSSLVWRPDIVLYNKADAQPPGSASTNVVLRHDGAVRWDAPAITRSSCRVDVAAFPFDAQHCGLTFGSWTHGGHQLDVRPRGAAASLADFVENVEWRVLGMPARRRVLTYGCCSEPYPDVTFTLLLRRRAAAYVCNLLLPCVLISLLAPLAFHLPADSGEKVSLGVTVLLALTVFQLLLAESMPPAESVPLIGKYYMATMTMVTFSTALTILIMNLHYCGPSVRPVPAWARALLLGHLARGLCVRERGEPCGQSRPPELSPSPQSPEGGAGPPAGPCHEPRCLCRQEALLHHVATIANTFRSHRAAQRCHEDWKRLARVMDRFFLAIFFSMALVMSLLVLVQAL
ITPR1,MSDKMSSFLHIGDICSLYAEGSTNGFISTLGLVDDRCVVQPETGDLNNPPKKFRDCLFKLCPMNRYSAQKQFWKAAKPGANSTTDAVLLNKLHHAADLEKKQNETENRKLLGTVIQYGNVIQLLHLKSNKYLTVNKRLPALLEKNAMRVTLDEAGNEGSWFYIQPFYKLRSIGDSVVIGDKVVLNPVNAGQPLHASSHQLVDNPGCNEVNSVNCNTSWKIVLFMKWSDNKDDILKGGDVVRLFHAEQEKFLTCDEHRKKQHVFLRTTGRQSATSATSSKALWEVEVVQHDPCRGGAGYWNSLFRFKHLATGHYLAAEVDPDFEEECLEFQPSVDPDQDASRSRLRNAQEKMVYSLVSVPEGNDISSIFELDPTTLRGGDSLVPRNSYVRLRHLCTNTWVHSTNIPIDKEEEKPVMLKIGTSPVKEDKEAFAIVPVSPAEVRDLDFANDASKVLGSIAGKLEKGTITQNERRSVTKLLEDLVYFVTGGTNSGQDVLEVVFSKPNRERQKLMREQNILKQIFKLLQAPFTDCGDGPMLRLEELGDQRHAPFRHICRLCYRVLRHSQQDYRKNQEYIAKQFGFMQKQIGYDVLAEDTITALLHNNRKLLEKHITAAEIDTFVSLVRKNREPRFLDYLSDLCVSMNKSIPVTQELICKAVLNPTNADILIETKLVLSRFEFEGVSSTGENALEAGEDEEEVWLFWRDSNKEIRSKSVRELAQDAKEGQKEDRDVLSYYRYQLNLFARMCLDRQYLAINEISGQLDVDLILRCMSDENLPYDLRASFCRLMLHMHVDRDPQEQVTPVKYARLWSEIPSEIAIDDYDSSGASKDEIKERFAQTMEFVEEYLRDVVCQRFPFSDKEKNKLTFEVVNLARNLIYFGFYNFSDLLRLTKILLAILDCVHVTTIFPISKMAKGEENKGNNDVEKLKSSNVMRSIHGVGELMTQVVLRGGGFLPMTPMAAAPEGNVKQAEPEKEDIMVMDTKLKIIEILQFILNVRLDYRISCLLCIFKREFDESNSQTSETSSGNSSQEGPSNVPGALDFEHIEEQAEGIFGGSEENTPLDLDDHGGRTFLRVLLHLTMHDYPPLVSGALQLLFRHFSQRQEVLQAFKQVQLLVTSQDVDNYKQIKQDLDQLRSIVEKSELWVYKGQGPDETMDGASGENEHKKTEEGNNKPQKHESTSSYNYRVVKEILIRLSKLCVQESASVRKSRKQQQRLLRNMGAHAVVLELLQIPYEKAEDTKMQEIMRLAHEFLQNFCAGNQQNQALLHKHINLFLNPGILEAVTMQHIFMNNFQLCSEINERVVQHFVHCIETHGRNVQYIKFLQTIVKAEGKFIKKCQDMVMAELVNSGEDVLVFYNDRASFQTLIQMMRSERDRMDENSPLMYHIHLVELLAVCTEGKNVYTEIKCNSLLPLDDIVRVVTHEDCIPEVKIAYINFLNHCYVDTEVEMKEIYTSNHMWKLFENFLVDICRACNNTSDRKHADSILEKYVTEIVMSIVTTFFSSPFSDQSTTLQTRQPVFVQLLQGVFRVYHCNWLMPSQKASVESCIRVLSDVAKSRAIAIPVDLDSQVNNLFLKSHSIVQKTAMNWRLSARNAARRDSVLAASRDYRNIIERLQDIVSALEDRLRPLVQAELSVLVDVLHRPELLFPENTDARRKCESGGFICKLIKHTKQLLEENEEKLCIKVLQTLREMMTKDRGYGEKLISIDELDNAELPPAPDSENATEELEPSPPLRQLEDHKRGEALRQVLVNRYYGNVRPSGRRESLTSFGNGPLSAGGPGKPGGGGGGSGSSSMSRGEMSLAEVQCHLDKEGASNLVIDLIMNASSDRVFHESILLAIALLEGGNTTIQHSFFCRLTEDKKSEKFFKVFYDRMKVAQQEIKATVTVNTSDLGNKKKDDEVDRDAPSRKKAKEPTTQITEEVRDQLLEASAATRKAFTTFRREADPDDHYQPGEGTQATADKAKDDLEMSAVITIMQPILRFLQLLCENHNRDLQNFLRCQNNKTNYNLVCETLQFLDCICGSTTGGLGLLGLYINEKNVALINQTLESLTEYCQGPCHENQNCIATHESNGIDIITALILNDINPLGKKRMDLVLELKNNASKLLLAIMESRHDSENAERILYNMRPKELVEVIKKAYMQGEVEFEDGENGEDGAASPRNVGHNIYILAHQLARHNKELQSMLKPGGQVDGDEALEFYAKHTAQIEIVRLDRTMEQIVFPVPSICEFLTKESKLRIYYTTERDEQGSKINDFFLRSEDLFNEMNWQKKLRAQPVLYWCARNMSFWSSISFNLAVLMNLLVAFFYPFKGVRGGTLEPHWSGLLWTAMLISLAIVIALPKPHGIRALIASTILRLIFSVGLQPTLFLLGAFNVCNKIIFLMSFVGNCGTFTRGYRAMVLDVEFLYHLLYLVICAMGLFVHEFFYSLLLFDLVYREETLLNVIKSVTRNGRSIILTAVLALILVYLFSIVGYLFFKDDFILEVDRLPNETAVPETGESLASEFLFSDVCRVESGENCSSPAPREELVPAEETEQDKEHTCETLLMCIVTVLSHGLRSGGGVGDVLRKPSKEEPLFAARVIYDLLFFFMVIIIVLNLIFGVIIDTFADLRSEKQKKEEILKTTCFICGLERDKFDNKTVTFEEHIKEEHNMWHYLCFIVLVKVKDSTEYTGPESYVAEMIKERNLDWFPRMRAMSLVSSDSEGEQNELRNLQEKLESTMKLVTNLSGQLSELKDQMTEQRKQKQRIGLLGHPPHMNVNPQQPA
TRPC3,MREKGRRQAVRGPAFMFNDRGTSLTAEEERFLDAAEYGNIPVVRKMLEESKTLNVNCVDYMGQNALQLAVGNEHLEVTELLLKKENLARIGDALLLAISKGYVRIVEAILNHPGFAASKRLTLSPCEQELQDDDFYAYDEDGTRFSPDITPIILAAHCQKYEVVHMLLMKGARIERPHDYFCKCGDCMEKQRHDSFSHSRSRINAYKGLASPAYLSLSSEDPVLTALELSNELAKLANIEKEFKNDYRKLSMQCKDFVVGVLDLCRDSEEVEAILNGDLESAEPLEVHRHKASLSRVKLAIKYEVKKFVAHPNCQQQLLTIWYENLSGLREQTIAIKCLVVLVVALGLPFLAIGYWIAPCSRLGKILRSPFMKFVAHAASFIIFLGLLVFNASDRFEGITTLPNITVTDYPKQIFRVKTTQFTWTEMLIMVWVLGMMWSECKELWLEGPREYILQLWNVLDFGMLSIFIAAFTARFLAFLQATKAQQYVDSYVQESDLSEVTLPPEIQYFTYARDKWLPSDPQIISEGLYAIAVVLSFSRIAYILPANESFGPLQISLGRTVKDIFKFMVLFIMVFFAFMIGMFILYSYYLGAKVNAAFTTVEESFKTLFWSIFGLSEVTSVVLKYDHKFIENIGYVLYGIYNVTMVVVLLNMLIAMINSSYQEIEDDSDVEWKFARSKLWLSYFDDGKTLPPPFSLVPSPKSFVYFIMRIVNFPKCRRRRLQKDIEMGMGNSKSRLNLFTQSNSRVFESHSFNSILNQPTRYQQIMKRLIKRYVLKAQVDKENDEVNEGELKEIKQDISSLRYELLEDKSQATEELAILIHKLSEKLNPSMLRCE
TRPC4,MAQFYYKRNVNAPYRDRIPLRIVRAESELSPSEKAYLNAVEKGDYASVKKSLEEAEIYFKININCIDPLGRTALLIAIENENLELIELLLSFNVYVGDALLHAIRKEVVGAVELLLNHKKPSGEKQVPPILLDKQFSEFTPDITPIILAAHTNNYEIIKLLVQKGVSVPRPHEVRCNCVECVSSSDVDSLRHSRSRLNIYKALASPSLIALSSEDPFLTAFQLSWELQELSKVENEFKSEYEELSRQCKQFAKDLLDQTRSSRELEIILNYRDDNSLIEEQSGNDLARLKLAIKYRQKEFVAQPNCQQLLASRWYDEFPGWRRRHWAVKMVTCFIIGLLFPVFSVCYLIAPKSPLGLFIRKPFIKFICHTASYLTFLFLLLLASQHIDRSDLNRQGPPPTIVEWMILPWVLGFIWGEIKQMWDGGLQDYIHDWWNLMDFVMNSLYLATISLKIVAFVKYSALNPRESWDMWHPTLVAEALFAIANIFSSLRLISLFTANSHLGPLQISLGRMLLDILKFLFIYCLVLLAFANGLNQLYFYYEETKGLTCKGIRCEKQNNAFSTLFETLQSLFWSIFGLINLYVTNVKAQHEFTEFVGATMFGTYNVISLVVLLNMLIAMMNNSYQLIADHADIEWKFARTKLWMSYFEEGGTLPTPFNVIPSPKSLWYLIKWIWTHLCKKKMRRKPESFGTIGRRAADNLRRHHQYQEVMRNLVKRYVAAMIRDAKTEEGLTEENFKELKQDISSFRFEVLGLLRGSKLSTIQSANASKESSNSADSDEKSDSEGNSKDKKKNFSLFDLTTLIHPRSAAIASERHNISNGSALVVQEPPREKQRKVNFVTDIKNFGLFHRRSKQNAAEQNANQIFSVSEEVARQQAAGPLERNIQLESRGLASRGDLSIPGLSEQCVLVDHRERNTDTLGLQVGKRVCPFKSEKVVVEDTVPIIPKEKHAKEEDSSIDYDLNLPDTVTHEDYVTTRL
TRPC6,MSQSPAFGPRRGSSPRGAAGAAARRNESQDYLLMDSELGEDGCPQAPLPCYGYYPCFRGSDNRLAHRRQTVLREKGRRLANRGPAYMFSDRSTSLSIEEERFLDAAEYGNIPVVRKMLEECHSLNVNCVDYMGQNALQLAVANEHLEITELLLKKENLSRVGDALLLAISKGYVRIVEAILSHPAFAEGKRLATSPSQSELQQDDFYAYDEDGTRFSHDVTPIILAAHCQEYEIVHTLLRKGARIERPHDYFCKCNDCNQKQKHDSFSHSRSRINAYKGLASPAYLSLSSEDPVMTALELSNELAVLANIEKEFKNDYKKLSMQCKDFVVGLLDLCRNTEEVEAILNGDVETLQSGDHGRPNLSRLKLAIKYEVKKFVAHPNCQQQLLSIWYENLSGLRQQTMAVKFLVVLAVAIGLPFLALIYWFAPCSKMGKIMRGPFMKFVAHAASFTIFLGLLVMNAADRFEGTKLLPNETSTDNAKQLFRMKTSCFSWMEMLIISWVIGMIWAECKEIWTQGPKEYLFELWNMLDFGMLAIFAASFIARFMAFWHASKAQSIIDANDTLKDLTKVTLGDNVKYYNLARIKWDPSDPQIISEGLYAIAVVLSFSRIAYILPANESFGPLQISLGRTVKDIFKFMVIFIMVFVAFMIGMFNLYSYYIGAKQNEAFTTVEESFKTLFWAIFGLSEVKSVVINYNHKFIENIGYVLYGVYNVTMVIVLLNMLIAMINSSFQEIEDDADVEWKFARAKLWFSYFEEGRTLPVPFNLVPSPKSLFYLLLKLKKWISELFQGHKKGFQEDAEMNKINEEKKLGILGSHEDLSKLSLDKKQVGHNKQPSIRSSEDFHLNSFNNPPRQYQKIMKRLIKRYVLQAQIDKESDEVNEGELKEIKQDISSLRYELLEEKSQNTEDLAELIRELGEKLSMEPNQEETNR
TRPV1,MKKWSSTDLGAAADPLQKDTCPDPLDGDPNSRPPPAKPQLSTAKSRTRLFGKGDSEEAFPVDCPHEEGELDSCPTITVSPVITIQRPGDGPTGARLLSQDSVAASTEKTLRLYDRRSIFEAVAQNNCQDLESLLLFLQKSKKHLTDNEFKDPETGKTCLLKAMLNLHDGQNTTIPLLLEIARQTDSLKELVNASYTDSYYKGQTALHIAIERRNMALVTLLVENGADVQAAAHGDFFKKTKGRPGFYFGELPLSLAACTNQLGIVKFLLQNSWQTADISARDSVGNTVLHALVEVADNTADNTKFVTSMYNEILMLGAKLHPTLKLEELTNKKGMTPLALAAGTGKIGVLAYILQREIQEPECRHLSRKFTEWAYGPVHSSLYDLSCIDTCEKNSVLEVIAYSSSETPNRHDMLLVEPLNRLLQDKWDRFVKRIFYFNFLVYCLYMIIFTMAAYYRPVDGLPPFKMEKTGDYFRVTGEILSVLGGVYFFFRGIQYFLQRRPSMKTLFVDSYSEMLFFLQSLFMLATVVLYFSHLKEYVASMVFSLALGWTNMLYYTRGFQQMGIYAVMIEKMILRDLCRFMFVYIVFLFGFSTAVVTLIEDGKNDSLPSESTSHRWRGPACRPPDSSYNSLYSTCLELFKFTIGMGDLEFTENYDFKAVFIILLLAYVILTYILLLNMLIALMGETVNKIAQESKNIWKLQRAITILDTEKSFLKCMRKAFRSGKLLQVGYTPDGKDDYRWCFRVDEVNWTTWNTNVGIINEDPGNCEGVKRTLSFSLRSSRVSGRHWKNFALVPLLREASARDRQSAQPEEVYLRQFSGSLKPEDAEVFKSPAASGEK
TRPV4,MADSSEGPRAGPGEVAELPGDESGTPGGEAFPLSSLANLFEGEDGSLSPSPADASRPAGPGDGRPNLRMKFQGAFRKGVPNPIDLLESTLYESSVVPGPKKAPMDSLFDYGTYRHHSSDNKRWRKKIIEKQPQSPKAPAPQPPPILKVFNRPILFDIVSRGSTADLDGLLPFLLTHKKRLTDEEFREPSTGKTCLPKALLNLSNGRNDTIPVLLDIAERTGNMREFINSPFRDIYYRGQTALHIAIERRCKHYVELLVAQGADVHAQARGRFFQPKDEGGYFYFGELPLSLAACTNQPHIVNYLTENPHKKADMRRQDSRGNTVLHALVAIADNTRENTKFVTKMYDLLLLKCARLFPDSNLEAVLNNDGLSPLMMAAKTGKIGIFQHIIRREVTDEDTRHLSRKFKDWAYGPVYSSLYDLSSLDTCGEEASVLEILVYNSKIENRHEMLAVEPINELLRDKWRKFGAVSFYINVVSYLCAMVIFTLTAYYQPLEGTPPYPYRTTVDYLRLAGEVITLFTGVLFFFTNIKDLFMKKCPGVNSLFIDGSFQLLYFIYSVLVIVSAALYLAGIEAYLAVMVFALVLGWMNALYFTRGLKLTGTYSIMIQKILFKDLFRFLLVYLLFMIGYASALVSLLNPCANMKVCNEDQTNCTVPTYPSCRDSETFSTFLLDLFKLTIGMGDLEMLSSTKYPVVFIILLVTYIILTFVLLLNMLIALMGETVGQVSKESKHIWKLQWATTILDIERSFPVFLRKAFRSGEMVTVGKSSDGTPDRRWCFRVDEVNWSHWNQNLGIINEDPGKNETYQYYGFSHTVGRLRRDRWSSVVPRVVELNKNSNPDEVVVPLDSMGNPRCDGHQQGYPRKWRTDDAPL
CFTR,MQRSPLEKASVVSKLFFSWTRPILRKGYRQRLELSDIYQIPSVDSADNLSEKLEREWDRELASKKNPKLINALRRCFFWRFMFYGIFLYLGEVTKAVQPLLLGRIIASYDPDNKEERSIAIYLGIGLCLLFIVRTLLLHPAIFGLHHIGMQMRIAMFSLIYKKTLKLSSRVLDKISIGQLVSLLSNNLNKFDEGLALAHFVWIAPLQVALLMGLIWELLQASAFCGLGFLIVLALFQAGLGRMMMKYRDQRAGKISERLVITSEMIENIQSVKAYCWEEAMEKMIENLRQTELKLTRKAAYVRYFNSSAFFFSGFFVVFLSVLPYALIKGIILRKIFTTISFCIVLRMAVTRQFPWAVQTWYDSLGAINKIQDFLQKQEYKTLEYNLTTTEVVMENVTAFWEEGFGELFEKAKQNNNNRKTSNGDDSLFFSNFSLLGTPVLKDINFKIERGQLLAVAGSTGAGKTSLLMVIMGELEPSEGKIKHSGRISFCSQFSWIMPGTIKENIIFGVSYDEYRYRSVIKACQLEEDISKFAEKDNIVLGEGGITLSGGQRARISLARAVYKDADLYLLDSPFGYLDVLTEKEIFESCVCKLMANKTRILVTSKMEHLKKADKILILHEGSSYFYGTFSELQNLQPDFSSKLMGCDSFDQFSAERRNSILTETLHRFSLEGDAPVSWTETKKQSFKQTGEFGEKRKNSILNPINSIRKFSIVQKTPLQMNGIEEDSDEPLERRLSLVPDSEQGEAILPRISVISTGPTLQARRRQSVLNLMTHSVNQGQNIHRKTTASTRKVSLAPQANLTELDIYSRRLSQETGLEISEEINEEDLKECFFDDMESIPAVTTWNTYLRYITVHKSLIFVLIWCLVIFLAEVAASLVVLWLLGNTPLQDKGNSTHSRNNSYAVIITSTSSYYVFYIYVGVADTLLAMGFFRGLPLVHTLITVSKILHHKMLHSVLQAPMSTLNTLKAGGILNRFSKDIAILDDLLPLTIFDFIQLLLIVIGAIAVVAVLQPYIFVATVPVIVAFIMLRAYFLQTSQQLKQLESEGRSPIFTHLVTSLKGLWTLRAFGRQPYFETLFHKALNLHTANWFLYLSTLRWFQMRIEMIFVIFFIAVTFISILTTGEGEGRVGIILTLAMNIMSTLQWAVNSSIDVDSLMRSVSRVFKFIDMPTEGKPTKSTKPYKNGQLSKVMIIENSHVKKDDIWPSGGQMTVKDLTAKYTEGGNAILENISFSISPGQRXXXXXXXXXXXXXXXXXXXXXXXXXXXXXXXXXXXXXXXXXXXXXXXXXXXXXXXXXXXXXXXXXXXXXXXXXXXXXXXXXXXXXXXXXXXXXXXXXXXXXXXXXXXXXXXXXXXXXXXXXXXXXXXXXXXXXXXXXXXXXXXXXXXXXXXXXXXXXXXXXXXXXXXXXXXXXXXVIEENKVRQYDSIQKLLNERSLFRQAISPSDRVKLFPHRNSSKCKSKPQIAALKEETEEEVQDTRL
GABRA1,MRKSPGLSDCLWAWILLLSTLTGRSYGQPSLQDELKDNTTVFTRILDRLLDGYDNRLRPGLGERVTEVKTDIFVTSFGPVSDHDMEYTIDVFFRQSWKDERLKFKGPMTVLRLNNLMASKIWTPDTFFHNGKKSVAHNMTMPNKLLRITEDGTLLYTMRLTVRAECPMHLEDFPMDAHACPLKFGSYAYTRAEVVYEWTREPARSVVVAEDGSRLNQYDLLGQTVDSGIVQSSTGEYVVMTTHFHLKRKIGYFVIQTYLPCIMTVILSQVSFWLNRESVPARTVFGVTTVLTMTTLSISARNSLPKVAYATAMDWFIAVCYAFVFSALIEFATVNYFTKRGYAWDGKSVVPEKPKKVKDPLIKKNNTYAPTATSYTPNLARGDPGLATIAKSATIEPKEVKPETKPPEPKKTFNSVSKIDRLSRIAFPLLFGIFNLVYWATYLNREPQLKAPTPHQ
GABRA2,MKTKLNIYNMQFLLFVFLVWDPARLVLANIQEDEAKNNITIFTRILDRLLDGYDNRLRPGLGDSITEVFTNIYVTSFGPVSDTDMEYTIDVFFRQKWKDERLKFKGPMNILRLNNLMASKIWTPDTFFHNGKKSVAHNMTMPNKLLRIQDDGTLLYTMRLTVQAECPMHLEDFPMDAHSCPLKFGSYAYTTSEVTYIWTYNASDSVQVAPDGSRLNQYDLLGQSIGKETIKSSTGEYTVMTAHFHLKRKIGYFVIQTYLPCIMTVILSQVSFWLNRESVPARTVFGVTTVLTMTTLSISARNSLPKVAYATAMDWFIAVCYAFVFSALIEFATVNYFTKRGWAWDGKSVVNDKKKEKASVMIQNNAYAVAVANYAPNLSKDPVLSTISKSATTPEPNKKPENKPAEAKKTFNSVSKIDRMSRIVFPVLFGTFNLVYWATYLNREPVLGVSP
GABRA3,MIITQTSHCYMTSLGILFLINILPGTTGQGESRRQEPGDFVKQDIGGLSPKHAPDIPDDSTDNITIFTRILDRLLDGYDNRLRPGLGDAVTEVKTDIYVTSFGPVSDTDMEYTIDVFFRQTWHDERLKFDGPMKILPLNNLLASKIWTPDTFFHNGKKSVAHNMTTPNKLLRLVDNGTLLYTMRLTIHAECPMHLEDFPMDVHACPLKFGSYAYTTAEVVYSWTLGKNKSVEVAQDGSRLNQYDLLGHVVGTEIIRSSTGEYVVMTTHFHLKRKIGYFVIQTYLPCIMTVILSQVSFWLNRESVPARTVFGVTTVLTMTTLSISARNSLPKVAYATAMDWFIAVCYAFVFSALIEFATVNYFTKRSWAWEGKKVPEALEMKKKTPAAPAKKTSTTFNIVGTTYPINLAKDTEFSTISKGAAPSASSTPTIIASPKATYVQDSPTETKTYNSVSKVDKISRIIFPVLFAIFNLVYWATYVNRESAIKGMIRKQ
GABRA5,MDNGMFSGFIMIKNLLLFCISMNLSSHFGFSQMPTSSVKDETNDNITIFTRILDGLLDGYDNRLRPGLGERITQVRTDIYVTSFGPVSDTEMEYTIDVFFRQSWKDERLRFKGPMQRLPLNNLLASKIWTPDTFFHNGKKSIAHNMTTPNKLLRLEDDGTLLYTMRLTISAECPMQLEDFPMDAHACPLKFGSYAYPNSEVVYVWTNGSTKSVVVAEDGSRLNQYHLMGQTVGTENISTSTGEYTIMTAHFHLKRKIGYFVIQTYLPCIMTVILSQVSFWLNRESVPARTVFGVTTVLTMTTLSISARNSLPKVAYATAMDWFIAVCYAFVFSALIEFATVNYFTKRGWAWDGKKALEAAKIKKKREVILNKSTNAFTTGKMSHPPNIPKEQTPAGTSNTTSVSVKPSEEKTSESKKTYNSISKIDKMSRIVFPVLFGTFNLVYWATYLNREPVIKGAASPK
GLRA1,MYSFNTLRLYLWETIVFFSLAASKEAEAARSAPKPMSPSDFLDKLMGRTSGYDARIRPNFKGPPVNVSCNIFINSFGSIAETTMDYRVNIFLRQQWNDPRLAYNEYPDDSLDLDPSMLDSIWKPDLFFANEKGAHFHEITTDNKLLRISRNGNVLYSIRITLTLACPMDLKNFPMDVQTCIMQLESFGYTMNDLIFEWQEQGAVQVADGLTLPQFILKEEKDLRYCTKHYNTGKFTCIEARFHLERQMGYYLIQMYIPSLLIVILSWISFWINMDAAPARVGLGITTVLTMTTQSSGSRASLPKVSYVKAIDIWMAVCLLFVFSALLEYAAVNFVSRQHKELLRFRRKRRHHKSPMLNLFQEDEAGEGRFNFSAYGMGPACLQAKDGISVKGANNSNTTNPPPAPSKSPEEMRKLFIQRAKKIDKISRIGFPMAFLIFNMFYWIIYKIVRREDVHNQ
SCNN1A,MEGNKLEEQDSSPPQSTPGLMKGNKREEQGLGPEPAAPQQPTAEEEALIEFHRSYRELFEFFCNNTTIHGAIRLVCSQHNRMKTAFWAVLWLCTFGMMYWQFGLLFGEYFSYPVSLNINLNSDKLVFPAVTICTLNPYRYPEIKEELEELDRITEQTLFDLYKYSSFTTLVAGSRSRRDLRGTLPHPLQRLRVPPPPHGARRARSVASSLRDNNPQVDWKDWKIGFQLCNQNKSDCFYQTYSSGVDAVREWYRFHYINILSRLPETLPSLEEDTLGNFIFACRFNQVSCNQANYSHFHHPMYGNCYTFNDKNNSNLWMSSMPGINNGLSLMLRAEQNDFIPLLSTVTGARVMVHGQDEPAFMDDGGFNLRPGVETSISMRKETLDRLGGDYGDCTKNGSDVPVENLYPSKYTQQVCIHSCFQESMIKECGCAYIFYPRPQNVEYCDYRKHSSWGYCYYKLQVDFSSDHLGCFTKCRKPCSVTSYQLSAGYSRWPSVTSQEWVFQMLSRQNNYTVNNKRNGVAKVNIFFKELNYKTNSESPSVTMVTLLSNLGSQWSLWFGSSVLSVVEMAELVFDLLVIMFLMLLRRFRSRYWSPGRGGRGAQEVASTLASSPPSHFCPHPMSLSLSQPGPAPSPALTAPPPAYATLGPRPSPGGSAGASSSTCPLGGP
ASIC3,MKPTSGPEEARRPASDIRVFASNCSMHGLGHVFGPGSLSLRRGMWAAAVVLSVATFLYQVAERVRYYREFHHQTALDERESHRLIFPAVTLCNINPLRRSRLTPNDLHWAGSALLGLDPAEHAAFLRALGRPPAPPGFMPSPTFDMAQLYARAGHSLDDMLLDCRFRGQPCGPENFTTIFTRMGKCYTFNSGADGAELLTTTRGGMGNGLDIMLDVQQEEYLPVWRDNEETPFEVGIRVQIHSQEEPPIIDQLGLGVSPGYQTFVSCQQQQLSFLPPPWGDCSSASLNPNYEPEPSDPLGSPSPSPSPPYTLMGCRLACETRYVARKCGCRMVYMPGDVPVCSPQQYKNCAHPAIDAMLRKDSCACPNPCASTRYAKELSMVRIPSRAAARFLARKLNRSEAYIAENVLALDIFFEALNYETVEQKKAYEMSELLGDIGGQMGLFIGASLLTILEILDYLCEVFRDKVLGYFWNRQHSQRHSSTNLLQEGLGSHRTQVPHLSLGPRPPTPPCAVTKTLSASHRTCYLVTQL
SCN5A,MANFLLPRGTSSFRRFTRESLAAIEKRMAEKQARGSTTLQESREGLPEEEAPRPQLDLQASKKLPDLYGNPPQELIGEPLEDLDPFYSTQKTFIVLNKGKTIFRFSATNALYVLSPFHPIRRAAVKILVHSLFNMLIMCTILTNCVFMAQHDPPPWTKYVEYTFTAIYTFESLVKILARGFCLHAFTFLRDPWNWLDFSVIIMAYTTEFVDLGNVSALRTFRVLRALKTISVISGLKTIVGALIQSVKKLADVMVLTVFCLSVFALIGLQLFMGNLRHKCVRNFTALNGTNGSVEADGLVWESLDLYLSDPENYLLKNGTSDVLLCGNSSDAGTCPEGYRCLKAGENPDHGYTSFDSFAWAFLALFRLMTQDCWERLYQQTLRSAGKIYMIFFMLVIFLGSFYLVNLILAVVAMAYEEQNQATIAETEEKEKRFQEAMEMLKKEHEALTIRGVDTVSRSSLEMSPLAPVNSHERRSKRRKRMSSGTEECGEDRLPKSDSEDGPRAMNHLSLTRGLSRTSMKPRSSRGSIFTFRRRDLGSEADFADDENSTAGESESHHTSLLVPWPLRRTSAQGQPSPGTSAPGHALHGKKNSTVDCNGVVSLLGAGDPEATSPGSHLLRPVMLEHPPDTTTPSEEPGGPQMLTSQAPCVDGFEEPGARQRALSAVSVLTSALEELEESRHKCPPCWNRLAQRYLIWECCPLWMSIKQGVKLVVMDPFTDLTITMCIVLNTLFMALEHYNMTSEFEEMLQVGNLVFTGIFTAEMTFKIIALDPYYYFQQGWNIFDSIIVILSLMELGLSRMSNLSVLRSFRLLRVFKLAKSWPTLNTLIKIIGNSVGALGNLTLVLAIIVFIFAVVGMQLFGKNYSELRDSDSGLLPRWHMMDFFHAFLIIFRILCGEWIETMWDCMEVSGQSLCLLVFLLVMVIGNLVVLNLFLALLLSSFSADNLTAPDEDREMNNLQLALARIQRGLRFVKRTTWDFCCGLLRQRPQKPAALAAQGQLPSCIATPYSPPPPETEKVPPTRKETRFEEGEQPGQGTPGDPEPVCVPIAVAESDTDDQEEDEENSLGTEEESSKQQESQPVSGGPEAPPDSRTWSQVSATASSEAEASASQADWRQQWKAEPQAPGCGETPEDSCSEGSTADMTNTAELLEQIPDLGQDVKDPEDCFTEGCVRRCPCCAVDTTQAPGKVWWRLRKTCYHIVEHSWFETFIIFMILLSSGALAFEDIYLEERKTIKVLLEYADKMFTYVFVLEMLLKWVAYGFKKYFTNAWCWLDFLIVDVSLVSLVANTLGFAEMGPIKSLRTLRALRPLRALSRFEGMRVVVNALVGAIPSIMNVLLVCLIFWLIFSIMGVNLFAGKFGRCINQTEGDLPLNYTIVNNKSQCESLNLTGELYWTKVKVNFDNVGAGYLALLQVATFKGWMDIMYAAVDSRGYEEQPQWEYNLYMYIYFVIFIIFGSFFTLNLFIGVIIDNFNQQKKKLGGQDIFMTEEQKKYYNAMKKLGSKKPQKPIPRPLNKYQGFIFDIVTKQAFDVTIMFLICLNMVTMMVETDDQSPEKINILAKINLLFVAIFTGECIVKLAALRHYYFTNSWNIFDFVVVILSIVGTVLSDIIQKYFFSPTLFRVIRLARIGRILRLIRGAKGIRTLLFALMMSLPALFNIGLLLFLVMFIYSIFGMANFAYVKWEAGIDDMFNFQTFANSMLCLFQITTSAGWDGLLSPILNTGPPYCDPTLPNSNGSRGDCGSPAVGILFFTTYIIISFLIVVNMYIAIILENFSVATEESTEPLSEDDFDMFYEIWEKFDPEATQFIEYSVLSDFADALSEPLRIAKPNQISLINMDLPMVSGDRIHCMDILFAFTKRVLGESGEMDALKIQMEEKFMAANPSKISYEPITTTLRRKHEEVSAMVIQRAFRRHLLQRSLKHASFLFRQQAGSGLSEEDAPEREGLIAYVMSENFSRPLGPPSSSSISSTSFPPSYDSVTRATSDNLQVRGSDYSHSEDLADFPPSPDRDRESIV
SCN4A,MARPSLCTLVPLGPECLRPFTRESLAAIEQRAVEEEARLQRNKQMEIEEPERKPRSDLEAGKNLPMIYGDPPPEVIGIPLEDLDPYYSNKKTFIVLNKGKAIFRFSATPALYLLSPFSVVRRGAIKVLIHALFSMFIMITILTNCVFMTMSDPPPWSKNVEYTFTGIYTFESLIKILARGFCVDDFTFLRDPWNWLDFSVIMMAYLTEFVDLGNISALRTFRVLRALKTITVIPGLKTIVGALIQSVKKLSDVMILTVFCLSVFALVGLQLFMGNLRQKCVRWPPPFNDTNTTWYSNDTWYGNDTWYGNEMWYGNDSWYANDTWNSHASWATNDTFDWDAYISDEGNFYFLEGSNDALLCGNSSDAGHCPEGYECIKTGRNPNYGYTSYDTFSWAFLALFRLMTQDYWENLFQLTLRAAGKTYMIFFVVIIFLGSFYLINLILAVVAMAYAEQNEATLAEDKEKEEEFQQMLEKFKKHQEELEKAKAAQALEGGEADGDPAHGKDCNGSLDTSQGEKGAPRQSSSGDSGISDAMEELEEAHQKCPPWWYKCAHKVLIWNCCAPWLKFKNIIHLIVMDPFVDLGITICIVLNTLFMAMEHYPMTEHFDNVLTVGNLVFTGIFTAEMVLKLIAMDPYEYFQQGWNIFDSIIVTLSLVELGLANVQGLSVLRSFRLLRVFKLAKSWPTLNMLIKIIGNSVGALGNLTLVLAIIVFIFAVVGMQLFGKSYKECVCKIALDCNLPRWHMHDFFHSFLIVFRILCGEWIETMWDCMEVAGQAMCLTVFLMVMVIGNLVVLNLFLALLLSSFSADSLAASDEDGEMNNLQIAIGRIKLGIGFAKAFLLGLLHGKILSPKDIMLSLGEADGAGEAGEAGETAPEDEKKEPPEEDLKKDNHILNHMGLADGPPSSLELDHLNFINNPYLTIQVPIASEESDLEMPTEEETDTFSEPEDSKKPPQPLYDGNSSVCSTADYKPPEEDPEEQAEENPEGEQPEECFTEACVQRWPCLYVDISQGRGKKWWTLRRACFKIVEHNWFETFIVFMILLSSGALAFEDIYIEQRRVIRTILEYADKVFTYIFIMEMLLKWVAYGFKVYFTNAWCWLDFLIVDVSIISLVANWLGYSELGPIKSLRTLRALRPLRALSRFEGMRVVVNALLGAIPSIMNVLLVCLIFWLIFSIMGVNLFAGKFYYCINTTTSERFDISEVNNKSECESLMHTGQVRWLNVKVNYDNVGLGYLSLLQVATFKGWMDIMYAAVDSREKEEQPQYEVNLYMYLYFVIFIIFGSFFTLNLFIGVIIDNFNQQKKKLGGKDIFMTEEQKKYYNAMKKLGSKKPQKPIPRPQNKIQGMVYDLVTKQAFDITIMILICLNMVTMMVETDNQSQLKVDILYNINMIFIIIFTGECVLKMLALRQYYFTVGWNIFDFVVVILSIVGLALSDLIQKYFVSPTLFRVIRLARIGRVLRLIRGAKGIRTLLFALMMSLPALFNIGLLLFLVMFIYSIFGMSNFAYVKKESGIDDMFNFETFGNSIICLFEITTSAGWDGLLNPILNSGPPDCDPNLENPGTSVKGDCGNPSIGICFFCSYIIISFLIVVNMYIAIILENFNVATEESSEPLGEDDFEMFYETWEKFDPDATQFIAYSRLSDFVDTLQEPLRIAKPNKIKLITLDLPMVPGDKIHCLDILFALTKEVLGDSGEMDALKQTMEEKFMAANPSKVSYEPITTTLKRKHEEVCAIKIQRAYRRHLLQRSMKQASYMYRHSHDGSGDDAPEKEGLLANTMSKMYGHENGNSSSPSPEEKGEAGDAGPTMGLMPISPSDTAWPPAPPPGQTVRPGVKESLV
SCN2A,MAQSVLVPPGPDSFRFFTRESLAAIEQRIAEEKAKRPKQERKDEDDENGPKPNSDLEAGKSLPFIYGDIPPEMVSVPLEDLDPYYINKKTFIVLNKGKAISRFSATPALYILTPFNPIRKLAIKILVHSLFNMLIMCTILTNCVFMTMSNPPDWTKNVEYTFTGIYTFESLIKILARGFCLEDFTFLRDPWNWLDFTVITFAYVTEFVDLGNVSALRTFRVLRALKTISVIPGLKTIVGALIQSVKKLSDVMILTVFCLSVFALIGLQLFMGNLRNKCLQWPPDNSSFEINITSFFNNSLDGNGTTFNRTVSIFNWDEYIEDKSHFYFLEGQNDALLCGNSSDAGQCPEGYICVKAGRNPNYGYTSFDTFSWAFLSLFRLMTQDFWENLYQLTLRAAGKTYMIFFVLVIFLGSFYLINLILAVVAMAYEEQNQATLEEAEQKEAEFQQMLEQLKKQQEEAQAAAAAASAESRDFSGAGGIGVFSESSSVASKLSSKSEKELKNRRKKKKQKEQSGEEEKNDRVRKSESEDSIRRKGFRFSLEGSRLTYEKRFSSPHQSLLSIRGSLFSPRRNSRASLFSFRGRAKDIGSENDFADDEHSTFEDNDSRRDSLFVPHRHGERRHSNVSQASRASRVLPILPMNGKMHSAVDCNGVVSLVGGPSTLTSAGQLLPEGTTTETEIRKRRSSSYHVSMDLLEDPTSRQRAMSIASILTNTMEELEESRQKCPPCWYKFANMCLIWDCCKPWLKVKHLVNLVVMDPFVDLAITICIVLNTLFMAMEHYPMTEQFSSVLSVGNLVFTGIFTAEMFLKIIAMDPYYYFQEGWNIFDGFIVSLSLMELGLANVEGLSVLRSFRLLRVFKLAKSWPTLNMLIKIIGNSVGALGNLTLVLAIIVFIFAVVGMQLFGKSYKECVCKISNDCELPRWHMHDFFHSFLIVFRVLCGEWIETMWDCMEVAGQTMCLTVFMMVMVIGNLVVLNLFLALLLSSFSSDNLAATDDDNEMNNLQIAVGRMQKGIDFVKRKIREFIQKAFVRKQKALDEIKPLEDLNNKKDSCISNHTTIEIGKDLNYLKDGNGTTSGIGSSVEKYVVDESDYMSFINNPSLTVTVPIAVGESDFENLNTEEFSSESDMEESKEKLNATSSSEGSTVDIGAPAEGEQPEVEPEESLEPEACFTEDCVRKFKCCQISIEEGKGKLWWNLRKTCYKIVEHNWFETFIVFMILLSSGALAFEDIYIEQRKTIKTMLEYADKVFTYIFILEMLLKWVAYGFQVYFTNAWCWLDFLIVDVSLVSLTANALGYSELGAIKSLRTLRALRPLRALSRFEGMRVVVNALLGAIPSIMNVLLVCLIFWLIFSIMGVNLFAGKFYHCINYTTGEMFDVSVVNNYSECKALIESNQTARWKNVKVNFDNVGLGYLSLLQVATFKGWMDIMYAAVDSRNVELQPKYEDNLYMYLYFVIFIIFGSFFTLNLFIGVIIDNFNQQKKKFGGQDIFMTEEQKKYYNAMKKLGSKKPQKPIPRPANKFQGMVFDFVTKQVFDISIMILICLNMVTMMVETDDQSQEMTNILYWINLVFIVLFTGECVLKLISLRYYYFTIGWNIFDFVVVILSIVGMFLAELIEKYFVSPTLFRVIRLARIGRILRLIKGAKGIRTLLFALMMSLPALFNIGLLLFLVMFIYAIFGMSNFAYVKREVGIDDMFNFETFGNSMICLFQITTSAGWDGLLAPILNSGPPDCDPDKDHPGSSVKGDCGNPSVGIFFFVSYIIISFLVVVNMYIAVILENFSVATEESAEPLSEDDFEMFYEVWEKFDPDATQFIEFAKLSDFADALDPPLLIAKPNKVQLIAMDLPMVSGDRIHCLDILFAFTKRVLGESGEMDALRIQMEERFMASNPSKVSYEPITTTLKRKQEEVSAIIIQRAYRRYLLKQKVKKVSSIYKKDKGKECDGTPIKEDTLIDKLNENSTPEKTDMTPSTTSPPSYDSVTKPEKEKFEKDKSEKEDKGKDIRESKK
SCN10A,MEFPIGSLETNNFRRFTPESLVEIEKQIAAKQGTKKAREKHREQKDQEEKPRPQLDLKACNQLPKFYGELPAELIGEPLEDLDPFYSTHRTFMVLNKGRTISRFSATRALWLFSPFNLIRRTAIKVSVHSWFSLFITVTILVNCVCMTRTDLPEKIEYVFTVIYTFEALIKILARGFCLNEFTYLRDPWNWLDFSVITLAYVGTAIDLRGISGLRTFRVLRALKTVSVIPGLKVIVGALIHSVKKLADVTILTIFCLSVFALVGLQLFKGNLKNKCVKNDMAVNETTNYSSHRKPDIYINKRGTSDPLLCGNGSDSGHCPDGYICLKTSDNPDFNYTSFDSFAWAFLSLFRLMTQDSWERLYQQTLRTSGKIYMIFFVLVIFLGSFYLVNLILAVVTMAYEEQNQATTDEIEAKEKKFQEALEMLRKEQEVLAALGIDTTSLHSHNGSPLTSKNASERRHRIKPRVSEGSTEDNKSPRSDPYNQRRMSFLGLASGKRRASHGSVFHFRSPGRDISLPEGVTDDGVFPGDHESHRGSLLLGGGAGQQGPLPRSPLPQPSNPDSRHGEDEHQPPPTSELAPGAVDVSAFDAGQKKTFLSAEYLDEPFRAQRAMSVVSIITSVLEELEESEQKCPPCLTSLSQKYLIWDCCPMWVKLKTILFGLVTDPFAELTITLCIVVNTIFMAMEHHGMSPTFEAMLQIGNIVFTIFFTAEMVFKIIAFDPYYYFQKKWNIFDCIIVTVSLLELGVAKKGSLSVLRSFRLLRVFKLAKSWPTLNTLIKIIGNSVGALGNLTIILAIIVFVFALVGKQLLGENYRNNRKNISAPHEDWPRWHMHDFFHSFLIVFRILCGEWIENMWACMEVGQKSICLILFLTVMVLGNLVVLNLFIALLLNSFSADNLTAPEDDGEVNNLQVALARIQVFGHRTKQALCSFFSRSCPFPQPKAEPELVVKLPLSSSKAENHIAANTARGSSGGLQAPRGPRDEHSDFIANPTVWVSVPIAEGESDLDDLEDDGGEDAQSFQQEVIPKGQQEQLQQVERCGDHLTPRSPGTGTSSEDLAPSLGETWKDESVPQVPAEGVDDTSSSEGSTVDCLDPEEILRKIPELADDLEEPDDCFTEGCIRHCPCCKLDTTKSPWDVGWQVRKTCYRIVEHSWFESFIIFMILLSSGSLAFEDYYLDQKPTVKALLEYTDRVFTFIFVFEMLLKWVAYGFKKYFTNAWCWLDFLIVNISLISLTAKILEYSEVAPIKALRTLRALRPLRALSRFEGMRVVVDALVGAIPSIMNVLLVCLIFWLIFSIMGVNLFAGKFWRCINYTDGEFSLVPLSIVNNKSDCKIQNSTGSFFWVNVKVNFDNVAMGYLALLQVATFKGWMDIMYAAVDSREVNMQPKWEDNVYMYLYFVIFIIFGGFFTLNLFVGVIIDNFNQQKKKLGGQDIFMTEEQKKYYNAMKKLGSKKPQKPIPRPLNKFQGFVFDIVTRQAFDITIMVLICLNMITMMVETDDQSEEKTKILGKINQFFVAVFTGECVMKMFALRQYYFTNGWNVFDFIVVVLSIASLIFSAILKSLQSYFSPTLFRVIRLARIGRILRLIRAAKGIRTLLFALMMSLPALFNIGLLLFLVMFIYSIFGMSSFPHVRWEAGIDDMFNFQTFANSMLCLFQITTSAGWDGLLSPILNTGPPYCDPNLPNSNGTRGDCGSPAVGIIFFTTYIIISFLIMVNMYIAVILENFNVATEESTEPLSEDDFDMFYETWEKFDPEATQFITFSALSDFADTLSGPLRIPKPNRNILIQMDLPLVPGDKIHCLDILFAFTKNVLGESGELDSLKANMEEKFMATNLSKSSYEPIATTLRWKQEDISATVIQKAYRSYVLHRSMALSNTPCVPRAEEEAASLPDEGFVAFTANENCVLPDKSETASATSFPPSYESVTRGLSDRVNMRTSSSIQNEDEATSMELIAPGP
SCN9A,MAMLPPPGPQSFVHFTKQSLALIEQRIAERKSKEPKEEKKDDDEEAPKPSSDLEAGKQLPFIYGDIPPGMVSEPLEDLDPYYADKKTFIVLNKGKTIFRFNATPALYMLSPFSPLRRISIKILVHSLFSMLIMCTILTNCIFMTMNNPPDWTKNVEYTFTGIYTFESLVKILARGFCVGEFTFLRDPWNWLDFVVIVFAYLTEFVNLGNVSALRTFRVLRALKTISVIPGLKTIVGALIQSVKKLSDVMILTVFCLSVFALIGLQLFMGNLKHKCFRNSLENNETLESIMNTLESEEDFRKYFYYLEGSKDALLCGFSTDSGQCPEGYTCVKIGRNPDYGYTSFDTFSWAFLALFRLMTQDYWENLYQQTLRAAGKTYMIFFVVVIFLGSFYLINLILAVVAMAYEEQNQANIEEAKQKELEFQQMLDRLKKEQEEAEAIAAAAAEYTSIRRSRIMGLSESSSETSKLSSKSAKERRNRRKKKNQKKLSSGEEKGDAEKLSKSESEDSIRRKSFHLGVEGHRRAHEKRLSTPNQSPLSIRGSLFSARRSSRTSLFSFKGRGRDIGSETEFADDEHSIFGDNESRRGSLFVPHRPQERRSSNISQASRSPPMLPVNGKMHSAVDCNGVVSLVDGRSALMLPNGQLLPEVIIDKATSDDSGTTNQIHKKRRCSSYLLSEDMLNDPNLRQRAMSRASILTNTVEELEESRQKCPPWWYRFAHKFLIWNCSPYWIKFKKCIYFIVMDPFVDLAITICIVLNTLFMAMEHHPMTEEFKNVLAIGNLVFTGIFAAEMVLKLIAMDPYEYFQVGWNIFDSLIVTLSLVELFLADVEGLSVLRSFRLLRVFKLAKSWPTLNMLIKIIGNSVGALGNLTLVLAIIVFIFAVVGMQLFGKSYKECVCKINDDCTLPRWHMNDFFHSFLIVFRVLCGEWIETMWDCMEVAGQAMCLIVYMMVMVIGNLVVLNLFLALLLSSFSSDNLTAIEEDPDANNLQIAVTRIKKGINYVKQTLREFILKAFSKKPKISREIRQAEDLNTKKENYISNHTLAEMSKGHNFLKEKDKISGFGSSVDKHLMEDSDGQSFIHNPSLTVTVPIAPGESDLENMNAEELSSDSDSEYSKVRLNRSSSSECSTVDNPLPGEGEEAEAEPMNSDEPEACFTDGCVWRFSCCQVNIESGKGKIWWNIRKTCYKIVEHSWFESFIVLMILLSSGALAFEDIYIERKKTIKIILEYADKIFTYIFILEMLLKWIAYGYKTYFTNAWCWLDFLIVDVSLVTLVANTLGYSDLGPIKSLRTLRALRPLRALSRFEGMRVVVNALIGAIPSIMNVLLVCLIFWLIFSIMGVNLFAGKFYECINTTDGSRFPASQVPNRSECFALMNVSQNVRWKNLKVNFDNVGLGYLSLLQVATFKGWTIIMYAAVDSVNVDKQPKYEYSLYMYIYFVVFIIFGSFFTLNLFIGVIIDNFNQQKKKLGGQDIFMTEEQKKYYNAMKKLGSKKPQKPIPRPGNKIQGCIFDLVTNQAFDISIMVLICLNMVTMMVEKEGQSQHMTEVLYWINVVFIILFTGECVLKLISLRHYYFTVGWNIFDFVVVIISIVGMFLADLIETYFVSPTLFRVIRLARIGRILRLVKGAKGIRTLLFALMMSLPALFNIGLLLFLVMFIYAIFGMSNFAYVKKEDGINDMFNFETFGNSMICLFQITTSAGWDGLLAPILNSKPPDCDPKKVHPGSSVEGDCGNPSVGIFYFVSYIIISFLVVVNMYIAVILENFSVATEESTEPLSEDDFEMFYEVWEKFDPDATQFIEFSKLSDFAAALDPPLLIAKPNKVQLIAMDLPMVSGDRIHCLDILFAFTKRVLGESGEMDSLRSQMEERFMSANPSKVSYEPITTTLKRKQEDVSATVIQRAYRRYRLRQNVKNISSIYIKDGDRDDDLLNKKDMAFDNVNENSSPEKTDATSSTTSPPSYDSVTKPDKEKYEQDRTEKEDKGKDSKESKK
